Phe,11_20594,11_20840,11_10326,11_21377,11_11040,11_20864,11_21304,12_30604,12_31474,12_10485,11_20528,12_20489,12_30900,11_10398,11_20182,11_10780,12_30396,12_10181,11_20252,12_10571,12_30223,12_30084,12_30055,12_10860,11_11405,12_30605,11_10467,11_20119,11_20454,12_30988,11_20974,12_31138,12_30006,11_20226,12_30979,11_20903,11_20239,12_10079,11_11355,12_30400,11_10600,12_30494,12_31352,11_21052,11_21521,11_10669,12_10554,11_10676,12_31308,12_30751,11_10270,11_20714,11_11349,11_20889,12_30940,11_11147,12_31235,11_10534,11_20349,12_30199,11_10303,11_10143,11_21448,11_10169,12_10241,12_30164,12_30368,11_11243,11_10078,11_10454,11_21223,11_10896,12_30826
,1H,1H,2H,2H,2H,2H,2H,2H,2H,2H,2H,2H,2H,2H,2H,2H,2H,2H,3H,3H,3H,3H,3H,4H,4H,4H,4H,4H,4H,4H,4H,4H,4H,5H,5H,5H,5H,5H,5H,5H,5H,5H,5H,5H,6H,6H,6H,6H,6H,6H,6H,6H,6H,6H,6H,6H,6H,7H,7H,7H,7H,7H,7H,7H,7H,7H,7H,7H,7H,7H,7H,7H,7H
,139.60,140.69,4.72,9.12,16.14,32.35,34.24,55.46,58.50,63.55,84.35,90.48,99.39,113.53,127.74,137.03,151.92,160.46,8.91,18.21,129.83,134.71,178.99,37.88,53.28,56.22,82.81,109.65,111.13,111.81,116.68,118.95,130.81,1.91,4.15,38.78,47.47,50.53,77.75,143.94,167.40,171.58,181.21,187.20,2.24,2.84,23.62,32.05,33.72,52.85,64.65,75.28,80.06,86.54,88.88,95.70,103.32,82.41,86.84,88.06,89.78,91.12,98.95,106.80,112.99,118.44,118.52,121.36,137.31,139.90,144.96,150.44,162.03
NA,-,H,H,B,B,B,H,H,H,H,B,H,C,H,A,H,H,A,B,B,B,B,A,B,B,B,H,B,B,B,B,B,B,H,H,A,A,A,H,A,H,A,B,B,H,H,B,H,H,H,H,H,H,-,H,H,H,H,H,H,H,H,H,H,H,H,H,H,H,H,-,H,H
NA,H,H,A,H,H,B,H,A,A,B,B,B,C,H,B,A,A,-,H,H,A,A,-,A,A,H,A,C,A,A,-,A,H,H,H,H,H,H,H,H,H,A,H,H,H,H,B,H,H,H,H,H,H,-,H,H,H,B,B,B,B,B,B,B,B,H,H,H,A,A,A,A,A
NA,H,H,A,B,H,B,H,A,A,H,B,H,C,H,A,A,A,A,H,H,A,H,A,A,A,A,H,C,A,A,A,A,A,H,H,H,H,H,H,H,H,-,A,A,H,H,B,H,B,B,B,H,H,-,H,H,B,B,B,B,B,B,B,B,B,B,B,H,A,A,-,H,H
NA,H,H,A,-,B,H,B,A,H,B,H,B,C,B,B,A,A,A,A,A,A,A,A,A,A,A,H,B,H,A,A,A,A,A,B,H,H,B,B,B,A,A,H,H,H,H,A,H,H,H,B,H,H,-,H,H,H,B,B,B,H,H,H,H,H,H,H,H,H,H,-,H,H
NA,H,H,A,B,H,B,H,A,A,H,B,H,C,B,A,A,A,A,B,B,H,H,-,A,A,A,A,C,A,A,A,A,A,H,H,A,A,A,A,A,H,A,H,H,H,H,B,H,B,B,A,H,H,H,H,H,H,H,H,H,A,A,A,A,A,A,A,A,H,H,B,B,B
NA,B,B,A,H,A,H,B,A,A,B,H,B,C,B,B,A,A,A,H,H,B,B,-,H,H,H,B,B,H,H,-,H,H,H,H,A,A,A,A,A,B,-,H,H,B,H,B,H,B,B,H,B,H,-,H,H,H,A,A,A,A,A,A,A,A,A,A,H,H,A,A,A,A
NA,B,B,B,B,H,B,A,B,B,B,B,A,C,A,A,B,B,A,H,H,B,B,A,B,B,A,H,B,B,B,B,B,H,H,A,A,A,A,A,A,H,A,H,H,H,H,B,H,H,H,H,H,H,-,H,H,B,H,H,H,H,H,H,A,A,H,H,H,B,B,B,B,B
NA,H,H,B,A,H,A,H,B,B,H,A,H,C,H,A,B,B,A,A,A,B,B,A,A,B,B,A,C,A,H,B,B,B,A,B,H,H,H,H,H,A,-,A,A,H,H,B,H,H,H,H,H,H,-,H,H,H,H,H,H,B,B,B,B,B,B,B,B,B,H,A,H,H
NA,H,H,B,H,B,B,B,B,H,B,B,B,C,B,B,B,B,A,A,A,H,H,A,B,H,H,H,B,B,H,-,H,H,B,H,B,B,H,H,H,B,-,B,B,B,B,B,B,B,B,H,B,H,H,H,H,H,H,H,H,H,H,H,H,H,B,B,B,B,B,B,B,B
NA,B,B,H,B,B,B,H,H,B,H,B,H,C,B,A,B,H,A,H,H,H,H,-,H,A,H,A,B,H,H,A,A,A,H,H,A,A,H,H,H,H,A,H,H,A,A,B,A,H,A,A,A,A,A,A,A,A,A,A,A,A,A,A,A,A,A,A,A,A,A,A,A,A
NA,A,A,H,A,H,A,B,H,H,B,A,B,C,B,H,H,H,-,H,H,H,B,A,B,-,A,H,B,B,H,B,H,H,H,B,B,-,B,B,B,H,A,B,B,H,H,B,H,H,H,H,H,H,B,H,H,-,A,A,A,A,H,H,H,H,B,B,-,B,B,-,B,B
NA,H,H,H,A,A,A,A,H,H,A,A,A,C,A,A,H,H,A,B,B,H,H,A,H,A,A,H,B,H,A,A,A,A,B,A,H,H,A,A,A,B,A,B,B,B,B,B,B,B,B,H,B,B,B,H,H,H,H,H,H,H,H,H,H,H,H,H,H,B,B,B,B,B
NA,H,H,A,-,A,H,B,A,A,B,H,B,C,B,B,A,A,A,H,H,H,H,A,H,H,H,B,B,H,H,B,H,H,H,A,A,A,A,A,A,H,A,H,H,B,B,B,B,B,B,H,B,B,B,B,B,B,B,B,B,B,B,B,B,B,B,B,H,A,A,A,A,A
NA,H,H,A,A,H,A,H,H,B,H,A,H,-,H,A,H,A,A,A,A,B,B,-,H,H,B,H,B,H,H,B,H,H,B,H,A,A,H,H,H,B,A,B,B,H,H,A,H,A,H,H,H,H,B,H,H,H,B,B,B,B,B,H,A,A,A,A,A,H,B,B,B,B
NA,B,B,H,H,B,H,B,H,H,B,H,B,C,B,B,H,H,A,H,H,H,H,A,H,H,H,H,B,H,H,-,H,H,B,H,B,B,B,B,B,B,A,B,B,B,B,B,B,B,B,B,B,B,B,B,B,B,H,H,H,H,H,H,H,H,H,H,H,H,B,B,B,B
NA,B,B,B,A,H,A,H,B,B,H,A,H,C,H,A,B,B,A,H,H,H,H,A,A,-,A,B,B,H,A,-,A,A,A,A,H,H,H,A,H,A,A,A,A,B,B,B,B,B,B,H,B,B,B,H,H,H,H,H,H,H,H,H,H,H,A,A,A,A,H,-,H,H
NA,B,B,H,-,H,H,B,H,H,H,H,H,C,B,A,H,H,A,B,B,B,B,A,B,H,A,H,B,B,H,-,H,H,H,A,H,H,H,A,H,H,A,B,B,B,B,B,B,B,B,B,B,B,B,B,B,B,H,H,H,H,H,A,A,A,H,H,H,H,B,B,B,B
NA,A,H,B,A,H,H,H,B,H,H,H,H,C,H,A,B,B,A,B,B,B,B,-,B,H,H,H,B,H,H,H,H,H,A,H,H,H,H,H,H,A,A,A,A,B,H,B,H,B,B,A,H,H,H,H,H,A,A,A,A,A,A,A,A,A,A,A,A,A,A,A,A,A
NA,B,B,H,A,H,A,H,H,H,A,A,A,C,H,A,H,H,A,H,H,H,H,A,B,B,A,B,B,B,B,B,B,H,B,H,A,A,A,A,A,B,-,B,B,A,H,C,H,A,A,A,H,H,H,H,H,H,H,H,H,H,H,H,H,H,H,H,H,H,H,-,H,H
NA,A,A,A,H,A,B,H,A,A,A,B,H,C,H,A,A,A,A,H,H,A,A,-,H,H,H,H,B,H,H,-,H,H,H,H,B,B,B,H,B,H,A,H,H,B,B,B,B,B,B,H,B,B,B,B,B,B,H,H,H,H,H,H,H,H,H,H,H,H,H,-,H,H
NA,H,H,B,A,H,A,H,B,H,H,A,H,C,H,A,B,B,A,H,A,B,B,A,B,H,B,B,B,B,B,H,H,H,B,B,B,B,B,B,B,B,A,B,B,H,H,B,H,H,H,H,H,H,-,H,H,H,H,H,H,H,H,H,H,H,H,A,A,A,H,-,H,H
NA,B,B,A,A,H,A,B,A,A,B,A,B,C,B,B,A,A,A,H,H,H,H,A,A,H,H,A,C,A,H,-,H,H,A,H,H,H,H,H,H,A,A,A,A,A,A,C,A,A,A,H,A,A,A,A,A,A,H,H,H,H,H,H,H,H,H,H,A,A,A,A,A,A
NA,H,H,A,H,H,H,H,A,A,H,H,H,C,B,A,A,A,A,H,H,H,H,-,H,-,H,H,B,H,H,-,H,H,H,H,B,B,B,B,B,B,A,H,H,H,H,B,H,H,H,H,H,H,-,H,H,B,B,B,B,B,B,B,B,H,H,H,H,H,H,-,H,H
NA,A,A,H,B,A,B,A,H,A,A,B,A,C,A,A,A,H,A,H,H,B,B,A,H,H,H,H,B,H,H,-,H,H,H,B,H,H,B,B,B,B,A,H,H,H,H,B,H,H,H,H,H,H,-,H,H,H,A,A,A,A,A,A,A,A,A,A,A,A,A,A,A,A
