ord,Line,Cycle,Type,X_type,In TGS?,Pedigree,Par1,Par2,GPar1,GPar2,GPar3,GPar4,GGPar1,GGPar2,GGPar3,GGPar4,GGPar5,GGPar6,GGPar7,GGPar8
81,MS10S3012-004,C1,Ran,MNxMN,,FEG183-52/FEG141-20,FEG183-52,FEG141-20,NA,NA,NA,NA,NA,NA,NA,NA,NA,NA,NA,NA
82,MS10S3012-005,C1,Ran,MNxMN,,FEG183-52/FEG141-20,FEG183-52,FEG141-20,NA,NA,NA,NA,NA,NA,NA,NA,NA,NA,NA,NA
83,MS10S3012-007,C1,Ran,MNxMN,,FEG183-52/FEG141-20,FEG183-52,FEG141-20,NA,NA,NA,NA,NA,NA,NA,NA,NA,NA,NA,NA
84,MS10S3012-008,C1,Ran,MNxMN,,FEG183-52/FEG141-20,FEG183-52,FEG141-20,NA,NA,NA,NA,NA,NA,NA,NA,NA,NA,NA,NA
85,MS10S3012-009,C1,Ran,MNxMN,,FEG183-52/FEG141-20,FEG183-52,FEG141-20,NA,NA,NA,NA,NA,NA,NA,NA,NA,NA,NA,NA
86,MS10S3012-012,C1,Ran,MNxMN,,FEG183-52/FEG141-20,FEG183-52,FEG141-20,NA,NA,NA,NA,NA,NA,NA,NA,NA,NA,NA,NA
87,MS10S3012-013,C1,Ran,MNxMN,,FEG183-52/FEG141-20,FEG183-52,FEG141-20,NA,NA,NA,NA,NA,NA,NA,NA,NA,NA,NA,NA
88,MS10S3012-015,C1,Ran,MNxMN,,FEG183-52/FEG141-20,FEG183-52,FEG141-20,NA,NA,NA,NA,NA,NA,NA,NA,NA,NA,NA,NA
89,MS10S3012-018,C1,Ran,MNxMN,,FEG183-52/FEG141-20,FEG183-52,FEG141-20,NA,NA,NA,NA,NA,NA,NA,NA,NA,NA,NA,NA
90,MS10S3012-020,C1,Ran,MNxMN,x,FEG183-52/FEG141-20,FEG183-52,FEG141-20,NA,NA,NA,NA,NA,NA,NA,NA,NA,NA,NA,NA
21,MS10S3003-002,C1,Ran,MNxMN,x,FEG141-20/FEG154-47,FEG141-20,FEG154-47,NA,NA,NA,NA,NA,NA,NA,NA,NA,NA,NA,NA
22,MS10S3003-003,C1,Ran,MNxMN,,FEG141-20/FEG154-47,FEG141-20,FEG154-47,NA,NA,NA,NA,NA,NA,NA,NA,NA,NA,NA,NA
23,MS10S3003-004,C1,Ran,MNxMN,,FEG141-20/FEG154-47,FEG141-20,FEG154-47,NA,NA,NA,NA,NA,NA,NA,NA,NA,NA,NA,NA
24,MS10S3003-007,C1,Ran,MNxMN,,FEG141-20/FEG154-47,FEG141-20,FEG154-47,NA,NA,NA,NA,NA,NA,NA,NA,NA,NA,NA,NA
25,MS10S3003-009,C1,Ran,MNxMN,,FEG141-20/FEG154-47,FEG141-20,FEG154-47,NA,NA,NA,NA,NA,NA,NA,NA,NA,NA,NA,NA
26,MS10S3003-010,C1,Ran,MNxMN,,FEG141-20/FEG154-47,FEG141-20,FEG154-47,NA,NA,NA,NA,NA,NA,NA,NA,NA,NA,NA,NA
27,MS10S3003-011,C1,Ran,MNxMN,,FEG141-20/FEG154-47,FEG141-20,FEG154-47,NA,NA,NA,NA,NA,NA,NA,NA,NA,NA,NA,NA
28,MS10S3003-012,C1,Ran,MNxMN,,FEG141-20/FEG154-47,FEG141-20,FEG154-47,NA,NA,NA,NA,NA,NA,NA,NA,NA,NA,NA,NA
29,MS10S3003-013,C1,Ran,MNxMN,,FEG141-20/FEG154-47,FEG141-20,FEG154-47,NA,NA,NA,NA,NA,NA,NA,NA,NA,NA,NA,NA
30,MS10S3003-017,C1,Ran,MNxMN,,FEG141-20/FEG154-47,FEG141-20,FEG154-47,NA,NA,NA,NA,NA,NA,NA,NA,NA,NA,NA,NA
1,MS10S3001-001,C1,Ran,MNxMN,,M122/FEG154-47,M122,FEG154-47,NA,NA,NA,NA,NA,NA,NA,NA,NA,NA,NA,NA
2,MS10S3001-002,C1,Ran,MNxMN,,M122/FEG154-47,M122,FEG154-47,NA,NA,NA,NA,NA,NA,NA,NA,NA,NA,NA,NA
3,MS10S3001-005,C1,Ran,MNxMN,,M122/FEG154-47,M122,FEG154-47,NA,NA,NA,NA,NA,NA,NA,NA,NA,NA,NA,NA
4,MS10S3001-006,C1,Ran,MNxMN,,M122/FEG154-47,M122,FEG154-47,NA,NA,NA,NA,NA,NA,NA,NA,NA,NA,NA,NA
5,MS10S3001-007,C1,Ran,MNxMN,x,M122/FEG154-47,M122,FEG154-47,NA,NA,NA,NA,NA,NA,NA,NA,NA,NA,NA,NA
6,MS10S3001-008,C1,Ran,MNxMN,,M122/FEG154-47,M122,FEG154-47,NA,NA,NA,NA,NA,NA,NA,NA,NA,NA,NA,NA
7,MS10S3001-010,C1,Ran,MNxMN,,M122/FEG154-47,M122,FEG154-47,NA,NA,NA,NA,NA,NA,NA,NA,NA,NA,NA,NA
8,MS10S3001-012,C1,Ran,MNxMN,,M122/FEG154-47,M122,FEG154-47,NA,NA,NA,NA,NA,NA,NA,NA,NA,NA,NA,NA
9,MS10S3001-019,C1,Ran,MNxMN,,M122/FEG154-47,M122,FEG154-47,NA,NA,NA,NA,NA,NA,NA,NA,NA,NA,NA,NA
61,MS10S3008-004,C1,Ran,MNxMN,x,FEG154-47/FEG175-57,FEG154-47,FEG175-57,NA,NA,NA,NA,NA,NA,NA,NA,NA,NA,NA,NA
62,MS10S3008-005,C1,Ran,MNxMN,x,FEG154-47/FEG175-57,FEG154-47,FEG175-57,NA,NA,NA,NA,NA,NA,NA,NA,NA,NA,NA,NA
63,MS10S3008-007,C1,Ran,MNxMN,x,FEG154-47/FEG175-57,FEG154-47,FEG175-57,NA,NA,NA,NA,NA,NA,NA,NA,NA,NA,NA,NA
64,MS10S3008-009,C1,Ran,MNxMN,x,FEG154-47/FEG175-57,FEG154-47,FEG175-57,NA,NA,NA,NA,NA,NA,NA,NA,NA,NA,NA,NA
65,MS10S3008-010,C1,Ran,MNxMN,x,FEG154-47/FEG175-57,FEG154-47,FEG175-57,NA,NA,NA,NA,NA,NA,NA,NA,NA,NA,NA,NA
66,MS10S3008-011,C1,Ran,MNxMN,,FEG154-47/FEG175-57,FEG154-47,FEG175-57,NA,NA,NA,NA,NA,NA,NA,NA,NA,NA,NA,NA
67,MS10S3008-012,C1,Ran,MNxMN,x,FEG154-47/FEG175-57,FEG154-47,FEG175-57,NA,NA,NA,NA,NA,NA,NA,NA,NA,NA,NA,NA
68,MS10S3008-014,C1,Ran,MNxMN,x,FEG154-47/FEG175-57,FEG154-47,FEG175-57,NA,NA,NA,NA,NA,NA,NA,NA,NA,NA,NA,NA
69,MS10S3008-016,C1,Ran,MNxMN,,FEG154-47/FEG175-57,FEG154-47,FEG175-57,NA,NA,NA,NA,NA,NA,NA,NA,NA,NA,NA,NA
70,MS10S3008-018,C1,Ran,MNxMN,,FEG154-47/FEG175-57,FEG154-47,FEG175-57,NA,NA,NA,NA,NA,NA,NA,NA,NA,NA,NA,NA
31,MS10S3004-003,C1,Ran,MNxMN,,M138/FEG175-57,M138,FEG175-57,NA,NA,NA,NA,NA,NA,NA,NA,NA,NA,NA,NA
32,MS10S3004-006,C1,Ran,MNxMN,x,M138/FEG175-57,M138,FEG175-57,NA,NA,NA,NA,NA,NA,NA,NA,NA,NA,NA,NA
33,MS10S3004-008,C1,Ran,MNxMN,,M138/FEG175-57,M138,FEG175-57,NA,NA,NA,NA,NA,NA,NA,NA,NA,NA,NA,NA
34,MS10S3004-011,C1,Ran,MNxMN,,M138/FEG175-57,M138,FEG175-57,NA,NA,NA,NA,NA,NA,NA,NA,NA,NA,NA,NA
35,MS10S3004-014,C1,Ran,MNxMN,,M138/FEG175-57,M138,FEG175-57,NA,NA,NA,NA,NA,NA,NA,NA,NA,NA,NA,NA
36,MS10S3004-017,C1,Ran,MNxMN,,M138/FEG175-57,M138,FEG175-57,NA,NA,NA,NA,NA,NA,NA,NA,NA,NA,NA,NA
37,MS10S3004-018,C1,Ran,MNxMN,x,M138/FEG175-57,M138,FEG175-57,NA,NA,NA,NA,NA,NA,NA,NA,NA,NA,NA,NA
38,MS10S3004-019,C1,Ran,MNxMN,,M138/FEG175-57,M138,FEG175-57,NA,NA,NA,NA,NA,NA,NA,NA,NA,NA,NA,NA
39,MS10S3004-020,C1,Ran,MNxMN,,M138/FEG175-57,M138,FEG175-57,NA,NA,NA,NA,NA,NA,NA,NA,NA,NA,NA,NA
40,MS10S3004-024,C1,Ran,MNxMN,,M138/FEG175-57,M138,FEG175-57,NA,NA,NA,NA,NA,NA,NA,NA,NA,NA,NA,NA
51,MS10S3007-001,C1,Ran,MNxMN,,FEG153-58/FEG183-52,FEG153-58,FEG183-52,NA,NA,NA,NA,NA,NA,NA,NA,NA,NA,NA,NA
52,MS10S3007-002,C1,Ran,MNxMN,,FEG153-58/FEG183-52,FEG153-58,FEG183-52,NA,NA,NA,NA,NA,NA,NA,NA,NA,NA,NA,NA
53,MS10S3007-003,C1,Ran,MNxMN,,FEG153-58/FEG183-52,FEG153-58,FEG183-52,NA,NA,NA,NA,NA,NA,NA,NA,NA,NA,NA,NA
54,MS10S3007-004,C1,Ran,MNxMN,,FEG153-58/FEG183-52,FEG153-58,FEG183-52,NA,NA,NA,NA,NA,NA,NA,NA,NA,NA,NA,NA
55,MS10S3007-008,C1,Ran,MNxMN,,FEG153-58/FEG183-52,FEG153-58,FEG183-52,NA,NA,NA,NA,NA,NA,NA,NA,NA,NA,NA,NA
56,MS10S3007-011,C1,Ran,MNxMN,,FEG153-58/FEG183-52,FEG153-58,FEG183-52,NA,NA,NA,NA,NA,NA,NA,NA,NA,NA,NA,NA
57,MS10S3007-012,C1,Ran,MNxMN,,FEG153-58/FEG183-52,FEG153-58,FEG183-52,NA,NA,NA,NA,NA,NA,NA,NA,NA,NA,NA,NA
58,MS10S3007-013,C1,Ran,MNxMN,,FEG153-58/FEG183-52,FEG153-58,FEG183-52,NA,NA,NA,NA,NA,NA,NA,NA,NA,NA,NA,NA
59,MS10S3007-016,C1,Ran,MNxMN,,FEG153-58/FEG183-52,FEG153-58,FEG183-52,NA,NA,NA,NA,NA,NA,NA,NA,NA,NA,NA,NA
60,MS10S3007-019,C1,Ran,MNxMN,,FEG153-58/FEG183-52,FEG153-58,FEG183-52,NA,NA,NA,NA,NA,NA,NA,NA,NA,NA,NA,NA
71,MS10S3009-001,C1,Ran,MNxMN,,FEG154-47/FEG183-52,FEG154-47,FEG183-52,NA,NA,NA,NA,NA,NA,NA,NA,NA,NA,NA,NA
72,MS10S3009-003,C1,Ran,MNxMN,,FEG154-47/FEG183-52,FEG154-47,FEG183-52,NA,NA,NA,NA,NA,NA,NA,NA,NA,NA,NA,NA
73,MS10S3009-006,C1,Ran,MNxMN,,FEG154-47/FEG183-52,FEG154-47,FEG183-52,NA,NA,NA,NA,NA,NA,NA,NA,NA,NA,NA,NA
74,MS10S3009-009,C1,Ran,MNxMN,,FEG154-47/FEG183-52,FEG154-47,FEG183-52,NA,NA,NA,NA,NA,NA,NA,NA,NA,NA,NA,NA
75,MS10S3009-010,C1,Ran,MNxMN,,FEG154-47/FEG183-52,FEG154-47,FEG183-52,NA,NA,NA,NA,NA,NA,NA,NA,NA,NA,NA,NA
76,MS10S3009-011,C1,Ran,MNxMN,,FEG154-47/FEG183-52,FEG154-47,FEG183-52,NA,NA,NA,NA,NA,NA,NA,NA,NA,NA,NA,NA
77,MS10S3009-014,C1,Ran,MNxMN,,FEG154-47/FEG183-52,FEG154-47,FEG183-52,NA,NA,NA,NA,NA,NA,NA,NA,NA,NA,NA,NA
78,MS10S3009-019,C1,Ran,MNxMN,,FEG154-47/FEG183-52,FEG154-47,FEG183-52,NA,NA,NA,NA,NA,NA,NA,NA,NA,NA,NA,NA
79,MS10S3009-021,C1,Ran,MNxMN,,FEG154-47/FEG183-52,FEG154-47,FEG183-52,NA,NA,NA,NA,NA,NA,NA,NA,NA,NA,NA,NA
80,MS10S3009-022,C1,Ran,MNxMN,,FEG154-47/FEG183-52,FEG154-47,FEG183-52,NA,NA,NA,NA,NA,NA,NA,NA,NA,NA,NA,NA
91,MS10S3013-002,C1,Ran,MNxMN,,M122/FEG183-52,M122,FEG183-52,NA,NA,NA,NA,NA,NA,NA,NA,NA,NA,NA,NA
92,MS10S3013-003,C1,Ran,MNxMN,,M122/FEG183-52,M122,FEG183-52,NA,NA,NA,NA,NA,NA,NA,NA,NA,NA,NA,NA
93,MS10S3013-008,C1,Ran,MNxMN,x,M122/FEG183-52,M122,FEG183-52,NA,NA,NA,NA,NA,NA,NA,NA,NA,NA,NA,NA
94,MS10S3013-011,C1,Ran,MNxMN,,M122/FEG183-52,M122,FEG183-52,NA,NA,NA,NA,NA,NA,NA,NA,NA,NA,NA,NA
95,MS10S3013-012,C1,Ran,MNxMN,,M122/FEG183-52,M122,FEG183-52,NA,NA,NA,NA,NA,NA,NA,NA,NA,NA,NA,NA
96,MS10S3013-013,C1,Ran,MNxMN,,M122/FEG183-52,M122,FEG183-52,NA,NA,NA,NA,NA,NA,NA,NA,NA,NA,NA,NA
97,MS10S3013-016,C1,Ran,MNxMN,,M122/FEG183-52,M122,FEG183-52,NA,NA,NA,NA,NA,NA,NA,NA,NA,NA,NA,NA
98,MS10S3013-020,C1,Ran,MNxMN,x,M122/FEG183-52,M122,FEG183-52,NA,NA,NA,NA,NA,NA,NA,NA,NA,NA,NA,NA
99,MS10S3013-022,C1,Ran,MNxMN,,M122/FEG183-52,M122,FEG183-52,NA,NA,NA,NA,NA,NA,NA,NA,NA,NA,NA,NA
100,MS10S3013-024,C1,Ran,MNxMN,,M122/FEG183-52,M122,FEG183-52,NA,NA,NA,NA,NA,NA,NA,NA,NA,NA,NA,NA
41,MS10S3005-003,C1,Ran,MNxMN,,M138/FEG183-52,M138,FEG183-52,NA,NA,NA,NA,NA,NA,NA,NA,NA,NA,NA,NA
42,MS10S3005-007,C1,Ran,MNxMN,,M138/FEG183-52,M138,FEG183-52,NA,NA,NA,NA,NA,NA,NA,NA,NA,NA,NA,NA
43,MS10S3005-011,C1,Ran,MNxMN,,M138/FEG183-52,M138,FEG183-52,NA,NA,NA,NA,NA,NA,NA,NA,NA,NA,NA,NA
44,MS10S3005-012,C1,Ran,MNxMN,,M138/FEG183-52,M138,FEG183-52,NA,NA,NA,NA,NA,NA,NA,NA,NA,NA,NA,NA
45,MS10S3005-014,C1,Ran,MNxMN,,M138/FEG183-52,M138,FEG183-52,NA,NA,NA,NA,NA,NA,NA,NA,NA,NA,NA,NA
46,MS10S3005-015,C1,Ran,MNxMN,,M138/FEG183-52,M138,FEG183-52,NA,NA,NA,NA,NA,NA,NA,NA,NA,NA,NA,NA
47,MS10S3005-016,C1,Ran,MNxMN,,M138/FEG183-52,M138,FEG183-52,NA,NA,NA,NA,NA,NA,NA,NA,NA,NA,NA,NA
48,MS10S3005-019,C1,Ran,MNxMN,,M138/FEG183-52,M138,FEG183-52,NA,NA,NA,NA,NA,NA,NA,NA,NA,NA,NA,NA
49,MS10S3005-020,C1,Ran,MNxMN,,M138/FEG183-52,M138,FEG183-52,NA,NA,NA,NA,NA,NA,NA,NA,NA,NA,NA,NA
50,MS10S3005-022,C1,Ran,MNxMN,,M138/FEG183-52,M138,FEG183-52,NA,NA,NA,NA,NA,NA,NA,NA,NA,NA,NA,NA
10,MS10S3002-005,C1,Ran,MNxMN,,FEG141-20/M138,FEG141-20,M138,NA,NA,NA,NA,NA,NA,NA,NA,NA,NA,NA,NA
11,MS10S3002-006,C1,Ran,MNxMN,,FEG141-20/M138,FEG141-20,M138,NA,NA,NA,NA,NA,NA,NA,NA,NA,NA,NA,NA
12,MS10S3002-008,C1,Ran,MNxMN,,FEG141-20/M138,FEG141-20,M138,NA,NA,NA,NA,NA,NA,NA,NA,NA,NA,NA,NA
13,MS10S3002-010,C1,Ran,MNxMN,,FEG141-20/M138,FEG141-20,M138,NA,NA,NA,NA,NA,NA,NA,NA,NA,NA,NA,NA
14,MS10S3002-014,C1,Ran,MNxMN,x,FEG141-20/M138,FEG141-20,M138,NA,NA,NA,NA,NA,NA,NA,NA,NA,NA,NA,NA
15,MS10S3002-015,C1,Ran,MNxMN,x,FEG141-20/M138,FEG141-20,M138,NA,NA,NA,NA,NA,NA,NA,NA,NA,NA,NA,NA
16,MS10S3002-017,C1,Ran,MNxMN,,FEG141-20/M138,FEG141-20,M138,NA,NA,NA,NA,NA,NA,NA,NA,NA,NA,NA,NA
17,MS10S3002-018,C1,Ran,MNxMN,,FEG141-20/M138,FEG141-20,M138,NA,NA,NA,NA,NA,NA,NA,NA,NA,NA,NA,NA
18,MS10S3002-020,C1,Ran,MNxMN,,FEG141-20/M138,FEG141-20,M138,NA,NA,NA,NA,NA,NA,NA,NA,NA,NA,NA,NA
19,MS10S3002-021,C1,Ran,MNxMN,x,FEG141-20/M138,FEG141-20,M138,NA,NA,NA,NA,NA,NA,NA,NA,NA,NA,NA,NA
20,MS10S3002-024,C1,Ran,MNxMN,x,FEG141-20/M138,FEG141-20,M138,NA,NA,NA,NA,NA,NA,NA,NA,NA,NA,NA,NA
111,MS10S3015-003,C1,Ran,MNxND,,FEG141-20/ND24906,FEG141-20,ND24906,NA,NA,NA,NA,NA,NA,NA,NA,NA,NA,NA,NA
112,MS10S3015-005,C1,Ran,MNxND,,FEG141-20/ND24906,FEG141-20,ND24906,NA,NA,NA,NA,NA,NA,NA,NA,NA,NA,NA,NA
113,MS10S3015-007,C1,Ran,MNxND,,FEG141-20/ND24906,FEG141-20,ND24906,NA,NA,NA,NA,NA,NA,NA,NA,NA,NA,NA,NA
114,MS10S3015-008,C1,Ran,MNxND,,FEG141-20/ND24906,FEG141-20,ND24906,NA,NA,NA,NA,NA,NA,NA,NA,NA,NA,NA,NA
115,MS10S3015-009,C1,Ran,MNxND,,FEG141-20/ND24906,FEG141-20,ND24906,NA,NA,NA,NA,NA,NA,NA,NA,NA,NA,NA,NA
116,MS10S3015-010,C1,Ran,MNxND,,FEG141-20/ND24906,FEG141-20,ND24906,NA,NA,NA,NA,NA,NA,NA,NA,NA,NA,NA,NA
117,MS10S3015-011,C1,Ran,MNxND,,FEG141-20/ND24906,FEG141-20,ND24906,NA,NA,NA,NA,NA,NA,NA,NA,NA,NA,NA,NA
118,MS10S3015-017,C1,Ran,MNxND,,FEG141-20/ND24906,FEG141-20,ND24906,NA,NA,NA,NA,NA,NA,NA,NA,NA,NA,NA,NA
119,MS10S3015-018,C1,Ran,MNxND,,FEG141-20/ND24906,FEG141-20,ND24906,NA,NA,NA,NA,NA,NA,NA,NA,NA,NA,NA,NA
120,MS10S3015-019,C1,Ran,MNxND,,FEG141-20/ND24906,FEG141-20,ND24906,NA,NA,NA,NA,NA,NA,NA,NA,NA,NA,NA,NA
131,MS10S3017-001,C1,Ran,MNxND,x,FEG153-58/ND25160,FEG153-58,ND25160,NA,NA,NA,NA,NA,NA,NA,NA,NA,NA,NA,NA
132,MS10S3017-002,C1,Ran,MNxND,,FEG153-58/ND25160,FEG153-58,ND25160,NA,NA,NA,NA,NA,NA,NA,NA,NA,NA,NA,NA
133,MS10S3017-003,C1,Ran,MNxND,,FEG153-58/ND25160,FEG153-58,ND25160,NA,NA,NA,NA,NA,NA,NA,NA,NA,NA,NA,NA
134,MS10S3017-004,C1,Ran,MNxND,,FEG153-58/ND25160,FEG153-58,ND25160,NA,NA,NA,NA,NA,NA,NA,NA,NA,NA,NA,NA
135,MS10S3017-006,C1,Ran,MNxND,,FEG153-58/ND25160,FEG153-58,ND25160,NA,NA,NA,NA,NA,NA,NA,NA,NA,NA,NA,NA
136,MS10S3017-010,C1,Ran,MNxND,,FEG153-58/ND25160,FEG153-58,ND25160,NA,NA,NA,NA,NA,NA,NA,NA,NA,NA,NA,NA
137,MS10S3017-012,C1,Ran,MNxND,x,FEG153-58/ND25160,FEG153-58,ND25160,NA,NA,NA,NA,NA,NA,NA,NA,NA,NA,NA,NA
138,MS10S3017-013,C1,Ran,MNxND,,FEG153-58/ND25160,FEG153-58,ND25160,NA,NA,NA,NA,NA,NA,NA,NA,NA,NA,NA,NA
139,MS10S3017-015,C1,Ran,MNxND,x,FEG153-58/ND25160,FEG153-58,ND25160,NA,NA,NA,NA,NA,NA,NA,NA,NA,NA,NA,NA
140,MS10S3017-020,C1,Ran,MNxND,,FEG153-58/ND25160,FEG153-58,ND25160,NA,NA,NA,NA,NA,NA,NA,NA,NA,NA,NA,NA
101,MS10S3014-001,C1,Ran,MNxND,,M122/ND25728,M122,ND25728,NA,NA,NA,NA,NA,NA,NA,NA,NA,NA,NA,NA
102,MS10S3014-002,C1,Ran,MNxND,,M122/ND25728,M122,ND25728,NA,NA,NA,NA,NA,NA,NA,NA,NA,NA,NA,NA
103,MS10S3014-009,C1,Ran,MNxND,,M122/ND25728,M122,ND25728,NA,NA,NA,NA,NA,NA,NA,NA,NA,NA,NA,NA
104,MS10S3014-010,C1,Ran,MNxND,,M122/ND25728,M122,ND25728,NA,NA,NA,NA,NA,NA,NA,NA,NA,NA,NA,NA
105,MS10S3014-013,C1,Ran,MNxND,,M122/ND25728,M122,ND25728,NA,NA,NA,NA,NA,NA,NA,NA,NA,NA,NA,NA
106,MS10S3014-017,C1,Ran,MNxND,,M122/ND25728,M122,ND25728,NA,NA,NA,NA,NA,NA,NA,NA,NA,NA,NA,NA
107,MS10S3014-018,C1,Ran,MNxND,,M122/ND25728,M122,ND25728,NA,NA,NA,NA,NA,NA,NA,NA,NA,NA,NA,NA
108,MS10S3014-019,C1,Ran,MNxND,,M122/ND25728,M122,ND25728,NA,NA,NA,NA,NA,NA,NA,NA,NA,NA,NA,NA
109,MS10S3014-020,C1,Ran,MNxND,,M122/ND25728,M122,ND25728,NA,NA,NA,NA,NA,NA,NA,NA,NA,NA,NA,NA
110,MS10S3014-021,C1,Ran,MNxND,,M122/ND25728,M122,ND25728,NA,NA,NA,NA,NA,NA,NA,NA,NA,NA,NA,NA
121,MS10S3016-003,C1,Ran,MNxND,,M138/ND25728,M138,ND25728,NA,NA,NA,NA,NA,NA,NA,NA,NA,NA,NA,NA
122,MS10S3016-004,C1,Ran,MNxND,x,M138/ND25728,M138,ND25728,NA,NA,NA,NA,NA,NA,NA,NA,NA,NA,NA,NA
123,MS10S3016-006,C1,Ran,MNxND,x,M138/ND25728,M138,ND25728,NA,NA,NA,NA,NA,NA,NA,NA,NA,NA,NA,NA
124,MS10S3016-008,C1,Ran,MNxND,,M138/ND25728,M138,ND25728,NA,NA,NA,NA,NA,NA,NA,NA,NA,NA,NA,NA
125,MS10S3016-009,C1,Ran,MNxND,,M138/ND25728,M138,ND25728,NA,NA,NA,NA,NA,NA,NA,NA,NA,NA,NA,NA
126,MS10S3016-011,C1,Ran,MNxND,x,M138/ND25728,M138,ND25728,NA,NA,NA,NA,NA,NA,NA,NA,NA,NA,NA,NA
127,MS10S3016-013,C1,Ran,MNxND,,M138/ND25728,M138,ND25728,NA,NA,NA,NA,NA,NA,NA,NA,NA,NA,NA,NA
128,MS10S3016-014,C1,Ran,MNxND,,M138/ND25728,M138,ND25728,NA,NA,NA,NA,NA,NA,NA,NA,NA,NA,NA,NA
129,MS10S3016-016,C1,Ran,MNxND,,M138/ND25728,M138,ND25728,NA,NA,NA,NA,NA,NA,NA,NA,NA,NA,NA,NA
130,MS10S3016-017,C1,Ran,MNxND,,M138/ND25728,M138,ND25728,NA,NA,NA,NA,NA,NA,NA,NA,NA,NA,NA,NA
141,MS10S3018-003,C1,Ran,MNxND,,FEG175-57/ND25986,FEG175-57,ND25986,NA,NA,NA,NA,NA,NA,NA,NA,NA,NA,NA,NA
142,MS10S3018-004,C1,Ran,MNxND,,FEG175-57/ND25986,FEG175-57,ND25986,NA,NA,NA,NA,NA,NA,NA,NA,NA,NA,NA,NA
143,MS10S3018-007,C1,Ran,MNxND,x,FEG175-57/ND25986,FEG175-57,ND25986,NA,NA,NA,NA,NA,NA,NA,NA,NA,NA,NA,NA
144,MS10S3018-009,C1,Ran,MNxND,,FEG175-57/ND25986,FEG175-57,ND25986,NA,NA,NA,NA,NA,NA,NA,NA,NA,NA,NA,NA
145,MS10S3018-013,C1,Ran,MNxND,,FEG175-57/ND25986,FEG175-57,ND25986,NA,NA,NA,NA,NA,NA,NA,NA,NA,NA,NA,NA
146,MS10S3018-016,C1,Ran,MNxND,,FEG175-57/ND25986,FEG175-57,ND25986,NA,NA,NA,NA,NA,NA,NA,NA,NA,NA,NA,NA
147,MS10S3018-017,C1,Ran,MNxND,,FEG175-57/ND25986,FEG175-57,ND25986,NA,NA,NA,NA,NA,NA,NA,NA,NA,NA,NA,NA
148,MS10S3018-018,C1,Ran,MNxND,,FEG175-57/ND25986,FEG175-57,ND25986,NA,NA,NA,NA,NA,NA,NA,NA,NA,NA,NA,NA
149,MS10S3018-019,C1,Ran,MNxND,,FEG175-57/ND25986,FEG175-57,ND25986,NA,NA,NA,NA,NA,NA,NA,NA,NA,NA,NA,NA
150,MS10S3018-020,C1,Ran,MNxND,,FEG175-57/ND25986,FEG175-57,ND25986,NA,NA,NA,NA,NA,NA,NA,NA,NA,NA,NA,NA
151,MS10S3019-002,C1,Ran,MNxND,,FEG175-57/ND26104,FEG175-57,ND26104,NA,NA,NA,NA,NA,NA,NA,NA,NA,NA,NA,NA
152,MS10S3019-003,C1,Ran,MNxND,,FEG175-57/ND26104,FEG175-57,ND26104,NA,NA,NA,NA,NA,NA,NA,NA,NA,NA,NA,NA
153,MS10S3019-004,C1,Ran,MNxND,,FEG175-57/ND26104,FEG175-57,ND26104,NA,NA,NA,NA,NA,NA,NA,NA,NA,NA,NA,NA
154,MS10S3019-005,C1,Ran,MNxND,x,FEG175-57/ND26104,FEG175-57,ND26104,NA,NA,NA,NA,NA,NA,NA,NA,NA,NA,NA,NA
155,MS10S3019-011,C1,Ran,MNxND,,FEG175-57/ND26104,FEG175-57,ND26104,NA,NA,NA,NA,NA,NA,NA,NA,NA,NA,NA,NA
156,MS10S3019-012,C1,Ran,MNxND,,FEG175-57/ND26104,FEG175-57,ND26104,NA,NA,NA,NA,NA,NA,NA,NA,NA,NA,NA,NA
157,MS10S3019-013,C1,Ran,MNxND,x,FEG175-57/ND26104,FEG175-57,ND26104,NA,NA,NA,NA,NA,NA,NA,NA,NA,NA,NA,NA
158,MS10S3019-015,C1,Ran,MNxND,,FEG175-57/ND26104,FEG175-57,ND26104,NA,NA,NA,NA,NA,NA,NA,NA,NA,NA,NA,NA
159,MS10S3019-016,C1,Ran,MNxND,,FEG175-57/ND26104,FEG175-57,ND26104,NA,NA,NA,NA,NA,NA,NA,NA,NA,NA,NA,NA
160,MS10S3019-017,C1,Ran,MNxND,,FEG175-57/ND26104,FEG175-57,ND26104,NA,NA,NA,NA,NA,NA,NA,NA,NA,NA,NA,NA
171,MS10S3022-001,C1,Ran,NDxMN,,ND25160/FEG154-47,ND25160,FEG154-47,NA,NA,NA,NA,NA,NA,NA,NA,NA,NA,NA,NA
172,MS10S3022-003,C1,Ran,NDxMN,,ND25160/FEG154-47,ND25160,FEG154-47,NA,NA,NA,NA,NA,NA,NA,NA,NA,NA,NA,NA
173,MS10S3022-004,C1,Ran,NDxMN,,ND25160/FEG154-47,ND25160,FEG154-47,NA,NA,NA,NA,NA,NA,NA,NA,NA,NA,NA,NA
174,MS10S3022-005,C1,Ran,NDxMN,,ND25160/FEG154-47,ND25160,FEG154-47,NA,NA,NA,NA,NA,NA,NA,NA,NA,NA,NA,NA
175,MS10S3022-007,C1,Ran,NDxMN,,ND25160/FEG154-47,ND25160,FEG154-47,NA,NA,NA,NA,NA,NA,NA,NA,NA,NA,NA,NA
176,MS10S3022-010,C1,Ran,NDxMN,,ND25160/FEG154-47,ND25160,FEG154-47,NA,NA,NA,NA,NA,NA,NA,NA,NA,NA,NA,NA
177,MS10S3022-011,C1,Ran,NDxMN,,ND25160/FEG154-47,ND25160,FEG154-47,NA,NA,NA,NA,NA,NA,NA,NA,NA,NA,NA,NA
178,MS10S3022-016,C1,Ran,NDxMN,,ND25160/FEG154-47,ND25160,FEG154-47,NA,NA,NA,NA,NA,NA,NA,NA,NA,NA,NA,NA
179,MS10S3022-019,C1,Ran,NDxMN,x,ND25160/FEG154-47,ND25160,FEG154-47,NA,NA,NA,NA,NA,NA,NA,NA,NA,NA,NA,NA
180,MS10S3022-020,C1,Ran,NDxMN,x,ND25160/FEG154-47,ND25160,FEG154-47,NA,NA,NA,NA,NA,NA,NA,NA,NA,NA,NA,NA
181,MS10S3024-001,C1,Ran,NDxMN,x,ND26036/FEG154-47,ND26036,FEG154-47,NA,NA,NA,NA,NA,NA,NA,NA,NA,NA,NA,NA
182,MS10S3024-003,C1,Ran,NDxMN,,ND26036/FEG154-47,ND26036,FEG154-47,NA,NA,NA,NA,NA,NA,NA,NA,NA,NA,NA,NA
183,MS10S3024-004,C1,Ran,NDxMN,,ND26036/FEG154-47,ND26036,FEG154-47,NA,NA,NA,NA,NA,NA,NA,NA,NA,NA,NA,NA
184,MS10S3024-005,C1,Ran,NDxMN,,ND26036/FEG154-47,ND26036,FEG154-47,NA,NA,NA,NA,NA,NA,NA,NA,NA,NA,NA,NA
185,MS10S3024-007,C1,Ran,NDxMN,,ND26036/FEG154-47,ND26036,FEG154-47,NA,NA,NA,NA,NA,NA,NA,NA,NA,NA,NA,NA
186,MS10S3024-013,C1,Ran,NDxMN,,ND26036/FEG154-47,ND26036,FEG154-47,NA,NA,NA,NA,NA,NA,NA,NA,NA,NA,NA,NA
187,MS10S3024-014,C1,Ran,NDxMN,,ND26036/FEG154-47,ND26036,FEG154-47,NA,NA,NA,NA,NA,NA,NA,NA,NA,NA,NA,NA
188,MS10S3024-015,C1,Ran,NDxMN,,ND26036/FEG154-47,ND26036,FEG154-47,NA,NA,NA,NA,NA,NA,NA,NA,NA,NA,NA,NA
189,MS10S3024-016,C1,Ran,NDxMN,,ND26036/FEG154-47,ND26036,FEG154-47,NA,NA,NA,NA,NA,NA,NA,NA,NA,NA,NA,NA
190,MS10S3024-017,C1,Ran,NDxMN,,ND26036/FEG154-47,ND26036,FEG154-47,NA,NA,NA,NA,NA,NA,NA,NA,NA,NA,NA,NA
161,MS10S3021-002,C1,Ran,NDxMN,,ND24906/FEG183-52,ND24906,FEG183-52,NA,NA,NA,NA,NA,NA,NA,NA,NA,NA,NA,NA
162,MS10S3021-003,C1,Ran,NDxMN,,ND24906/FEG183-52,ND24906,FEG183-52,NA,NA,NA,NA,NA,NA,NA,NA,NA,NA,NA,NA
163,MS10S3021-005,C1,Ran,NDxMN,,ND24906/FEG183-52,ND24906,FEG183-52,NA,NA,NA,NA,NA,NA,NA,NA,NA,NA,NA,NA
164,MS10S3021-008,C1,Ran,NDxMN,,ND24906/FEG183-52,ND24906,FEG183-52,NA,NA,NA,NA,NA,NA,NA,NA,NA,NA,NA,NA
165,MS10S3021-013,C1,Ran,NDxMN,x,ND24906/FEG183-52,ND24906,FEG183-52,NA,NA,NA,NA,NA,NA,NA,NA,NA,NA,NA,NA
166,MS10S3021-015,C1,Ran,NDxMN,,ND24906/FEG183-52,ND24906,FEG183-52,NA,NA,NA,NA,NA,NA,NA,NA,NA,NA,NA,NA
167,MS10S3021-016,C1,Ran,NDxMN,,ND24906/FEG183-52,ND24906,FEG183-52,NA,NA,NA,NA,NA,NA,NA,NA,NA,NA,NA,NA
168,MS10S3021-017,C1,Ran,NDxMN,,ND24906/FEG183-52,ND24906,FEG183-52,NA,NA,NA,NA,NA,NA,NA,NA,NA,NA,NA,NA
169,MS10S3021-019,C1,Ran,NDxMN,,ND24906/FEG183-52,ND24906,FEG183-52,NA,NA,NA,NA,NA,NA,NA,NA,NA,NA,NA,NA
170,MS10S3021-021,C1,Ran,NDxMN,,ND24906/FEG183-52,ND24906,FEG183-52,NA,NA,NA,NA,NA,NA,NA,NA,NA,NA,NA,NA
191,MS10S3025-001,C1,Ran,NDxMN,,ND26104/M122,ND26104,M122,NA,NA,NA,NA,NA,NA,NA,NA,NA,NA,NA,NA
192,MS10S3025-003,C1,Ran,NDxMN,x,ND26104/M122,ND26104,M122,NA,NA,NA,NA,NA,NA,NA,NA,NA,NA,NA,NA
193,MS10S3025-004,C1,Ran,NDxMN,,ND26104/M122,ND26104,M122,NA,NA,NA,NA,NA,NA,NA,NA,NA,NA,NA,NA
194,MS10S3025-006,C1,Ran,NDxMN,,ND26104/M122,ND26104,M122,NA,NA,NA,NA,NA,NA,NA,NA,NA,NA,NA,NA
195,MS10S3025-008,C1,Ran,NDxMN,,ND26104/M122,ND26104,M122,NA,NA,NA,NA,NA,NA,NA,NA,NA,NA,NA,NA
196,MS10S3025-011,C1,Ran,NDxMN,,ND26104/M122,ND26104,M122,NA,NA,NA,NA,NA,NA,NA,NA,NA,NA,NA,NA
197,MS10S3025-013,C1,Ran,NDxMN,,ND26104/M122,ND26104,M122,NA,NA,NA,NA,NA,NA,NA,NA,NA,NA,NA,NA
198,MS10S3025-016,C1,Ran,NDxMN,,ND26104/M122,ND26104,M122,NA,NA,NA,NA,NA,NA,NA,NA,NA,NA,NA,NA
199,MS10S3025-017,C1,Ran,NDxMN,x,ND26104/M122,ND26104,M122,NA,NA,NA,NA,NA,NA,NA,NA,NA,NA,NA,NA
200,MS10S3025-019,C1,Ran,NDxMN,,ND26104/M122,ND26104,M122,NA,NA,NA,NA,NA,NA,NA,NA,NA,NA,NA,NA
221,MS10S3039-001,C1,Ran,NDxND,,ND24906/ND20448,ND24906,ND20448,NA,NA,NA,NA,NA,NA,NA,NA,NA,NA,NA,NA
222,MS10S3039-002,C1,Ran,NDxND,,ND24906/ND20448,ND24906,ND20448,NA,NA,NA,NA,NA,NA,NA,NA,NA,NA,NA,NA
223,MS10S3039-007,C1,Ran,NDxND,,ND24906/ND20448,ND24906,ND20448,NA,NA,NA,NA,NA,NA,NA,NA,NA,NA,NA,NA
224,MS10S3039-008,C1,Ran,NDxND,,ND24906/ND20448,ND24906,ND20448,NA,NA,NA,NA,NA,NA,NA,NA,NA,NA,NA,NA
225,MS10S3039-011,C1,Ran,NDxND,,ND24906/ND20448,ND24906,ND20448,NA,NA,NA,NA,NA,NA,NA,NA,NA,NA,NA,NA
226,MS10S3039-014,C1,Ran,NDxND,x,ND24906/ND20448,ND24906,ND20448,NA,NA,NA,NA,NA,NA,NA,NA,NA,NA,NA,NA
227,MS10S3039-015,C1,Ran,NDxND,,ND24906/ND20448,ND24906,ND20448,NA,NA,NA,NA,NA,NA,NA,NA,NA,NA,NA,NA
228,MS10S3039-016,C1,Ran,NDxND,,ND24906/ND20448,ND24906,ND20448,NA,NA,NA,NA,NA,NA,NA,NA,NA,NA,NA,NA
229,MS10S3039-017,C1,Ran,NDxND,x,ND24906/ND20448,ND24906,ND20448,NA,NA,NA,NA,NA,NA,NA,NA,NA,NA,NA,NA
230,MS10S3039-024,C1,Ran,NDxND,,ND24906/ND20448,ND24906,ND20448,NA,NA,NA,NA,NA,NA,NA,NA,NA,NA,NA,NA
241,MS10S3041-002,C1,Ran,NDxND,x,ND25160/ND24906,ND25160,ND24906,NA,NA,NA,NA,NA,NA,NA,NA,NA,NA,NA,NA
242,MS10S3041-005,C1,Ran,NDxND,x,ND25160/ND24906,ND25160,ND24906,NA,NA,NA,NA,NA,NA,NA,NA,NA,NA,NA,NA
243,MS10S3041-007,C1,Ran,NDxND,x,ND25160/ND24906,ND25160,ND24906,NA,NA,NA,NA,NA,NA,NA,NA,NA,NA,NA,NA
244,MS10S3041-008,C1,Ran,NDxND,,ND25160/ND24906,ND25160,ND24906,NA,NA,NA,NA,NA,NA,NA,NA,NA,NA,NA,NA
245,MS10S3041-009,C1,Ran,NDxND,,ND25160/ND24906,ND25160,ND24906,NA,NA,NA,NA,NA,NA,NA,NA,NA,NA,NA,NA
246,MS10S3041-010,C1,Ran,NDxND,x,ND25160/ND24906,ND25160,ND24906,NA,NA,NA,NA,NA,NA,NA,NA,NA,NA,NA,NA
247,MS10S3041-012,C1,Ran,NDxND,,ND25160/ND24906,ND25160,ND24906,NA,NA,NA,NA,NA,NA,NA,NA,NA,NA,NA,NA
248,MS10S3041-013,C1,Ran,NDxND,,ND25160/ND24906,ND25160,ND24906,NA,NA,NA,NA,NA,NA,NA,NA,NA,NA,NA,NA
249,MS10S3041-019,C1,Ran,NDxND,,ND25160/ND24906,ND25160,ND24906,NA,NA,NA,NA,NA,NA,NA,NA,NA,NA,NA,NA
250,MS10S3041-020,C1,Ran,NDxND,,ND25160/ND24906,ND25160,ND24906,NA,NA,NA,NA,NA,NA,NA,NA,NA,NA,NA,NA
281,MS10S3045-002,C1,Ran,NDxND,,ND26036/ND24906,ND26036,ND24906,NA,NA,NA,NA,NA,NA,NA,NA,NA,NA,NA,NA
282,MS10S3045-006,C1,Ran,NDxND,,ND26036/ND24906,ND26036,ND24906,NA,NA,NA,NA,NA,NA,NA,NA,NA,NA,NA,NA
283,MS10S3045-007,C1,Ran,NDxND,,ND26036/ND24906,ND26036,ND24906,NA,NA,NA,NA,NA,NA,NA,NA,NA,NA,NA,NA
284,MS10S3045-009,C1,Ran,NDxND,,ND26036/ND24906,ND26036,ND24906,NA,NA,NA,NA,NA,NA,NA,NA,NA,NA,NA,NA
285,MS10S3045-010,C1,Ran,NDxND,,ND26036/ND24906,ND26036,ND24906,NA,NA,NA,NA,NA,NA,NA,NA,NA,NA,NA,NA
286,MS10S3045-013,C1,Ran,NDxND,,ND26036/ND24906,ND26036,ND24906,NA,NA,NA,NA,NA,NA,NA,NA,NA,NA,NA,NA
287,MS10S3045-015,C1,Ran,NDxND,,ND26036/ND24906,ND26036,ND24906,NA,NA,NA,NA,NA,NA,NA,NA,NA,NA,NA,NA
288,MS10S3045-017,C1,Ran,NDxND,x,ND26036/ND24906,ND26036,ND24906,NA,NA,NA,NA,NA,NA,NA,NA,NA,NA,NA,NA
289,MS10S3045-018,C1,Ran,NDxND,,ND26036/ND24906,ND26036,ND24906,NA,NA,NA,NA,NA,NA,NA,NA,NA,NA,NA,NA
290,MS10S3045-024,C1,Ran,NDxND,,ND26036/ND24906,ND26036,ND24906,NA,NA,NA,NA,NA,NA,NA,NA,NA,NA,NA,NA
291,MS10S3046-002,C1,Ran,NDxND,,ND26104/ND24906,ND26104,ND24906,NA,NA,NA,NA,NA,NA,NA,NA,NA,NA,NA,NA
292,MS10S3046-003,C1,Ran,NDxND,,ND26104/ND24906,ND26104,ND24906,NA,NA,NA,NA,NA,NA,NA,NA,NA,NA,NA,NA
293,MS10S3046-008,C1,Ran,NDxND,,ND26104/ND24906,ND26104,ND24906,NA,NA,NA,NA,NA,NA,NA,NA,NA,NA,NA,NA
294,MS10S3046-011,C1,Ran,NDxND,,ND26104/ND24906,ND26104,ND24906,NA,NA,NA,NA,NA,NA,NA,NA,NA,NA,NA,NA
295,MS10S3046-013,C1,Ran,NDxND,,ND26104/ND24906,ND26104,ND24906,NA,NA,NA,NA,NA,NA,NA,NA,NA,NA,NA,NA
296,MS10S3046-014,C1,Ran,NDxND,,ND26104/ND24906,ND26104,ND24906,NA,NA,NA,NA,NA,NA,NA,NA,NA,NA,NA,NA
297,MS10S3046-015,C1,Ran,NDxND,,ND26104/ND24906,ND26104,ND24906,NA,NA,NA,NA,NA,NA,NA,NA,NA,NA,NA,NA
298,MS10S3046-016,C1,Ran,NDxND,x,ND26104/ND24906,ND26104,ND24906,NA,NA,NA,NA,NA,NA,NA,NA,NA,NA,NA,NA
299,MS10S3046-019,C1,Ran,NDxND,x,ND26104/ND24906,ND26104,ND24906,NA,NA,NA,NA,NA,NA,NA,NA,NA,NA,NA,NA
300,MS10S3046-020,C1,Ran,NDxND,,ND26104/ND24906,ND26104,ND24906,NA,NA,NA,NA,NA,NA,NA,NA,NA,NA,NA,NA
201,MS10S3037-002,C1,Ran,NDxND,,ND20448/ND25160,ND20448,ND25160,NA,NA,NA,NA,NA,NA,NA,NA,NA,NA,NA,NA
202,MS10S3037-003,C1,Ran,NDxND,,ND20448/ND25160,ND20448,ND25160,NA,NA,NA,NA,NA,NA,NA,NA,NA,NA,NA,NA
203,MS10S3037-006,C1,Ran,NDxND,,ND20448/ND25160,ND20448,ND25160,NA,NA,NA,NA,NA,NA,NA,NA,NA,NA,NA,NA
204,MS10S3037-009,C1,Ran,NDxND,,ND20448/ND25160,ND20448,ND25160,NA,NA,NA,NA,NA,NA,NA,NA,NA,NA,NA,NA
205,MS10S3037-012,C1,Ran,NDxND,,ND20448/ND25160,ND20448,ND25160,NA,NA,NA,NA,NA,NA,NA,NA,NA,NA,NA,NA
206,MS10S3037-014,C1,Ran,NDxND,,ND20448/ND25160,ND20448,ND25160,NA,NA,NA,NA,NA,NA,NA,NA,NA,NA,NA,NA
207,MS10S3037-015,C1,Ran,NDxND,,ND20448/ND25160,ND20448,ND25160,NA,NA,NA,NA,NA,NA,NA,NA,NA,NA,NA,NA
208,MS10S3037-016,C1,Ran,NDxND,,ND20448/ND25160,ND20448,ND25160,NA,NA,NA,NA,NA,NA,NA,NA,NA,NA,NA,NA
209,MS10S3037-017,C1,Ran,NDxND,,ND20448/ND25160,ND20448,ND25160,NA,NA,NA,NA,NA,NA,NA,NA,NA,NA,NA,NA
210,MS10S3037-019,C1,Ran,NDxND,,ND20448/ND25160,ND20448,ND25160,NA,NA,NA,NA,NA,NA,NA,NA,NA,NA,NA,NA
251,MS10S3042-002,C1,Ran,NDxND,,ND25652/ND25160,ND25652,ND25160,NA,NA,NA,NA,NA,NA,NA,NA,NA,NA,NA,NA
252,MS10S3042-006,C1,Ran,NDxND,,ND25652/ND25160,ND25652,ND25160,NA,NA,NA,NA,NA,NA,NA,NA,NA,NA,NA,NA
253,MS10S3042-007,C1,Ran,NDxND,,ND25652/ND25160,ND25652,ND25160,NA,NA,NA,NA,NA,NA,NA,NA,NA,NA,NA,NA
254,MS10S3042-009,C1,Ran,NDxND,,ND25652/ND25160,ND25652,ND25160,NA,NA,NA,NA,NA,NA,NA,NA,NA,NA,NA,NA
255,MS10S3042-010,C1,Ran,NDxND,x,ND25652/ND25160,ND25652,ND25160,NA,NA,NA,NA,NA,NA,NA,NA,NA,NA,NA,NA
256,MS10S3042-013,C1,Ran,NDxND,,ND25652/ND25160,ND25652,ND25160,NA,NA,NA,NA,NA,NA,NA,NA,NA,NA,NA,NA
257,MS10S3042-014,C1,Ran,NDxND,x,ND25652/ND25160,ND25652,ND25160,NA,NA,NA,NA,NA,NA,NA,NA,NA,NA,NA,NA
258,MS10S3042-015,C1,Ran,NDxND,,ND25652/ND25160,ND25652,ND25160,NA,NA,NA,NA,NA,NA,NA,NA,NA,NA,NA,NA
259,MS10S3042-016,C1,Ran,NDxND,,ND25652/ND25160,ND25652,ND25160,NA,NA,NA,NA,NA,NA,NA,NA,NA,NA,NA,NA
260,MS10S3042-020,C1,Ran,NDxND,,ND25652/ND25160,ND25652,ND25160,NA,NA,NA,NA,NA,NA,NA,NA,NA,NA,NA,NA
231,MS10S3040-003,C1,Ran,NDxND,,ND24906/ND25652,ND24906,ND25652,NA,NA,NA,NA,NA,NA,NA,NA,NA,NA,NA,NA
232,MS10S3040-006,C1,Ran,NDxND,,ND24906/ND25652,ND24906,ND25652,NA,NA,NA,NA,NA,NA,NA,NA,NA,NA,NA,NA
233,MS10S3040-008,C1,Ran,NDxND,,ND24906/ND25652,ND24906,ND25652,NA,NA,NA,NA,NA,NA,NA,NA,NA,NA,NA,NA
234,MS10S3040-010,C1,Ran,NDxND,,ND24906/ND25652,ND24906,ND25652,NA,NA,NA,NA,NA,NA,NA,NA,NA,NA,NA,NA
235,MS10S3040-012,C1,Ran,NDxND,,ND24906/ND25652,ND24906,ND25652,NA,NA,NA,NA,NA,NA,NA,NA,NA,NA,NA,NA
236,MS10S3040-014,C1,Ran,NDxND,,ND24906/ND25652,ND24906,ND25652,NA,NA,NA,NA,NA,NA,NA,NA,NA,NA,NA,NA
237,MS10S3040-015,C1,Ran,NDxND,,ND24906/ND25652,ND24906,ND25652,NA,NA,NA,NA,NA,NA,NA,NA,NA,NA,NA,NA
238,MS10S3040-016,C1,Ran,NDxND,,ND24906/ND25652,ND24906,ND25652,NA,NA,NA,NA,NA,NA,NA,NA,NA,NA,NA,NA
239,MS10S3040-018,C1,Ran,NDxND,,ND24906/ND25652,ND24906,ND25652,NA,NA,NA,NA,NA,NA,NA,NA,NA,NA,NA,NA
240,MS10S3040-020,C1,Ran,NDxND,x,ND24906/ND25652,ND24906,ND25652,NA,NA,NA,NA,NA,NA,NA,NA,NA,NA,NA,NA
211,MS10S3038-002,C1,Ran,NDxND,,ND20448/ND25986,ND20448,ND25986,NA,NA,NA,NA,NA,NA,NA,NA,NA,NA,NA,NA
212,MS10S3038-004,C1,Ran,NDxND,,ND20448/ND25986,ND20448,ND25986,NA,NA,NA,NA,NA,NA,NA,NA,NA,NA,NA,NA
213,MS10S3038-005,C1,Ran,NDxND,,ND20448/ND25986,ND20448,ND25986,NA,NA,NA,NA,NA,NA,NA,NA,NA,NA,NA,NA
214,MS10S3038-007,C1,Ran,NDxND,,ND20448/ND25986,ND20448,ND25986,NA,NA,NA,NA,NA,NA,NA,NA,NA,NA,NA,NA
215,MS10S3038-008,C1,Ran,NDxND,,ND20448/ND25986,ND20448,ND25986,NA,NA,NA,NA,NA,NA,NA,NA,NA,NA,NA,NA
216,MS10S3038-013,C1,Ran,NDxND,,ND20448/ND25986,ND20448,ND25986,NA,NA,NA,NA,NA,NA,NA,NA,NA,NA,NA,NA
217,MS10S3038-014,C1,Ran,NDxND,,ND20448/ND25986,ND20448,ND25986,NA,NA,NA,NA,NA,NA,NA,NA,NA,NA,NA,NA
218,MS10S3038-016,C1,Ran,NDxND,,ND20448/ND25986,ND20448,ND25986,NA,NA,NA,NA,NA,NA,NA,NA,NA,NA,NA,NA
219,MS10S3038-019,C1,Ran,NDxND,,ND20448/ND25986,ND20448,ND25986,NA,NA,NA,NA,NA,NA,NA,NA,NA,NA,NA,NA
220,MS10S3038-022,C1,Ran,NDxND,,ND20448/ND25986,ND20448,ND25986,NA,NA,NA,NA,NA,NA,NA,NA,NA,NA,NA,NA
261,MS10S3043-001,C1,Ran,NDxND,,ND25652/ND25986,ND25652,ND25986,NA,NA,NA,NA,NA,NA,NA,NA,NA,NA,NA,NA
262,MS10S3043-003,C1,Ran,NDxND,,ND25652/ND25986,ND25652,ND25986,NA,NA,NA,NA,NA,NA,NA,NA,NA,NA,NA,NA
263,MS10S3043-006,C1,Ran,NDxND,,ND25652/ND25986,ND25652,ND25986,NA,NA,NA,NA,NA,NA,NA,NA,NA,NA,NA,NA
264,MS10S3043-008,C1,Ran,NDxND,x,ND25652/ND25986,ND25652,ND25986,NA,NA,NA,NA,NA,NA,NA,NA,NA,NA,NA,NA
265,MS10S3043-010,C1,Ran,NDxND,,ND25652/ND25986,ND25652,ND25986,NA,NA,NA,NA,NA,NA,NA,NA,NA,NA,NA,NA
266,MS10S3043-012,C1,Ran,NDxND,,ND25652/ND25986,ND25652,ND25986,NA,NA,NA,NA,NA,NA,NA,NA,NA,NA,NA,NA
267,MS10S3043-013,C1,Ran,NDxND,x,ND25652/ND25986,ND25652,ND25986,NA,NA,NA,NA,NA,NA,NA,NA,NA,NA,NA,NA
268,MS10S3043-014,C1,Ran,NDxND,,ND25652/ND25986,ND25652,ND25986,NA,NA,NA,NA,NA,NA,NA,NA,NA,NA,NA,NA
269,MS10S3043-015,C1,Ran,NDxND,x,ND25652/ND25986,ND25652,ND25986,NA,NA,NA,NA,NA,NA,NA,NA,NA,NA,NA,NA
270,MS10S3043-017,C1,Ran,NDxND,,ND25652/ND25986,ND25652,ND25986,NA,NA,NA,NA,NA,NA,NA,NA,NA,NA,NA,NA
271,MS10S3044-002,C1,Ran,NDxND,,ND25986/ND26104,ND25986,ND26104,NA,NA,NA,NA,NA,NA,NA,NA,NA,NA,NA,NA
272,MS10S3044-005,C1,Ran,NDxND,,ND25986/ND26104,ND25986,ND26104,NA,NA,NA,NA,NA,NA,NA,NA,NA,NA,NA,NA
273,MS10S3044-006,C1,Ran,NDxND,,ND25986/ND26104,ND25986,ND26104,NA,NA,NA,NA,NA,NA,NA,NA,NA,NA,NA,NA
274,MS10S3044-009,C1,Ran,NDxND,,ND25986/ND26104,ND25986,ND26104,NA,NA,NA,NA,NA,NA,NA,NA,NA,NA,NA,NA
275,MS10S3044-010,C1,Ran,NDxND,,ND25986/ND26104,ND25986,ND26104,NA,NA,NA,NA,NA,NA,NA,NA,NA,NA,NA,NA
276,MS10S3044-013,C1,Ran,NDxND,x,ND25986/ND26104,ND25986,ND26104,NA,NA,NA,NA,NA,NA,NA,NA,NA,NA,NA,NA
277,MS10S3044-018,C1,Ran,NDxND,x,ND25986/ND26104,ND25986,ND26104,NA,NA,NA,NA,NA,NA,NA,NA,NA,NA,NA,NA
278,MS10S3044-020,C1,Ran,NDxND,,ND25986/ND26104,ND25986,ND26104,NA,NA,NA,NA,NA,NA,NA,NA,NA,NA,NA,NA
279,MS10S3044-021,C1,Ran,NDxND,,ND25986/ND26104,ND25986,ND26104,NA,NA,NA,NA,NA,NA,NA,NA,NA,NA,NA,NA
280,MS10S3044-022,C1,Ran,NDxND,,ND25986/ND26104,ND25986,ND26104,NA,NA,NA,NA,NA,NA,NA,NA,NA,NA,NA,NA
396,MS10S3058-024,C1,Sel,BAxAB,,CELEBRATION/6B04-0290,CELEBRATION,6B04-0290,NA,NA,NA,NA,NA,NA,NA,NA,NA,NA,NA,NA
397,MS10S3063-002,C1,Sel,BAxAB,x,6B03-4478/6B05-0922,6B03-4478,6B05-0922,NA,NA,NA,NA,NA,NA,NA,NA,NA,NA,NA,NA
398,MS10S3063-013,C1,Sel,BAxAB,,6B03-4478/6B05-0922,6B03-4478,6B05-0922,NA,NA,NA,NA,NA,NA,NA,NA,NA,NA,NA,NA
348,MS10S3032-004,C1,Sel,BAxMN,x,6B03-4304/FEG175-57,6B03-4304,FEG175-57,NA,NA,NA,NA,NA,NA,NA,NA,NA,NA,NA,NA
349,MS10S3032-006,C1,Sel,BAxMN,x,6B03-4304/FEG175-57,6B03-4304,FEG175-57,NA,NA,NA,NA,NA,NA,NA,NA,NA,NA,NA,NA
350,MS10S3032-007,C1,Sel,BAxMN,x,6B03-4304/FEG175-57,6B03-4304,FEG175-57,NA,NA,NA,NA,NA,NA,NA,NA,NA,NA,NA,NA
351,MS10S3032-008,C1,Sel,BAxMN,x,6B03-4304/FEG175-57,6B03-4304,FEG175-57,NA,NA,NA,NA,NA,NA,NA,NA,NA,NA,NA,NA
352,MS10S3032-010,C1,Sel,BAxMN,x,6B03-4304/FEG175-57,6B03-4304,FEG175-57,NA,NA,NA,NA,NA,NA,NA,NA,NA,NA,NA,NA
353,MS10S3032-012,C1,Sel,BAxMN,x,6B03-4304/FEG175-57,6B03-4304,FEG175-57,NA,NA,NA,NA,NA,NA,NA,NA,NA,NA,NA,NA
354,MS10S3032-014,C1,Sel,BAxMN,,6B03-4304/FEG175-57,6B03-4304,FEG175-57,NA,NA,NA,NA,NA,NA,NA,NA,NA,NA,NA,NA
355,MS10S3032-015,C1,Sel,BAxMN,x,6B03-4304/FEG175-57,6B03-4304,FEG175-57,NA,NA,NA,NA,NA,NA,NA,NA,NA,NA,NA,NA
356,MS10S3032-016,C1,Sel,BAxMN,x,6B03-4304/FEG175-57,6B03-4304,FEG175-57,NA,NA,NA,NA,NA,NA,NA,NA,NA,NA,NA,NA
357,MS10S3032-018,C1,Sel,BAxMN,x,6B03-4304/FEG175-57,6B03-4304,FEG175-57,NA,NA,NA,NA,NA,NA,NA,NA,NA,NA,NA,NA
358,MS10S3032-022,C1,Sel,BAxMN,x,6B03-4304/FEG175-57,6B03-4304,FEG175-57,NA,NA,NA,NA,NA,NA,NA,NA,NA,NA,NA,NA
359,MS10S3034-002,C1,Sel,BAxMN,x,6B03-4478/FEG175-57,6B03-4478,FEG175-57,NA,NA,NA,NA,NA,NA,NA,NA,NA,NA,NA,NA
360,MS10S3034-004,C1,Sel,BAxMN,,6B03-4478/FEG175-57,6B03-4478,FEG175-57,NA,NA,NA,NA,NA,NA,NA,NA,NA,NA,NA,NA
361,MS10S3034-014,C1,Sel,BAxMN,x,6B03-4478/FEG175-57,6B03-4478,FEG175-57,NA,NA,NA,NA,NA,NA,NA,NA,NA,NA,NA,NA
362,MS10S3034-015,C1,Sel,BAxMN,,6B03-4478/FEG175-57,6B03-4478,FEG175-57,NA,NA,NA,NA,NA,NA,NA,NA,NA,NA,NA,NA
363,MS10S3034-016,C1,Sel,BAxMN,,6B03-4478/FEG175-57,6B03-4478,FEG175-57,NA,NA,NA,NA,NA,NA,NA,NA,NA,NA,NA,NA
364,MS10S3034-018,C1,Sel,BAxMN,,6B03-4478/FEG175-57,6B03-4478,FEG175-57,NA,NA,NA,NA,NA,NA,NA,NA,NA,NA,NA,NA
365,MS10S3034-019,C1,Sel,BAxMN,x,6B03-4478/FEG175-57,6B03-4478,FEG175-57,NA,NA,NA,NA,NA,NA,NA,NA,NA,NA,NA,NA
366,MS10S3034-024,C1,Sel,BAxMN,,6B03-4478/FEG175-57,6B03-4478,FEG175-57,NA,NA,NA,NA,NA,NA,NA,NA,NA,NA,NA,NA
344,MS10S3031-012,C1,Sel,BAxMN,x,6B03-4304/M138,6B03-4304,M138,NA,NA,NA,NA,NA,NA,NA,NA,NA,NA,NA,NA
345,MS10S3031-013,C1,Sel,BAxMN,,6B03-4304/M138,6B03-4304,M138,NA,NA,NA,NA,NA,NA,NA,NA,NA,NA,NA,NA
346,MS10S3031-015,C1,Sel,BAxMN,,6B03-4304/M138,6B03-4304,M138,NA,NA,NA,NA,NA,NA,NA,NA,NA,NA,NA,NA
347,MS10S3031-016,C1,Sel,BAxMN,x,6B03-4304/M138,6B03-4304,M138,NA,NA,NA,NA,NA,NA,NA,NA,NA,NA,NA,NA
395,MS10S3056-008,C1,Sel,BAxND,,6B05-0922/ND25728,6B05-0922,ND25728,NA,NA,NA,NA,NA,NA,NA,NA,NA,NA,NA,NA
386,MS10S3053-010,C1,Sel,BAxND,x,6B03-4478/ND25986,6B03-4478,ND25986,NA,NA,NA,NA,NA,NA,NA,NA,NA,NA,NA,NA
387,MS10S3053-015,C1,Sel,BAxND,,6B03-4478/ND25986,6B03-4478,ND25986,NA,NA,NA,NA,NA,NA,NA,NA,NA,NA,NA,NA
388,MS10S3053-016,C1,Sel,BAxND,,6B03-4478/ND25986,6B03-4478,ND25986,NA,NA,NA,NA,NA,NA,NA,NA,NA,NA,NA,NA
393,MS10S3055-013,C1,Sel,BAxND,,6B03-4478/ND25986,6B03-4478,ND25986,NA,NA,NA,NA,NA,NA,NA,NA,NA,NA,NA,NA
389,MS10S3055-001,C1,Sel,BAxND,x,6B04-0290/ND26036,6B04-0290,ND26036,NA,NA,NA,NA,NA,NA,NA,NA,NA,NA,NA,NA
390,MS10S3055-006,C1,Sel,BAxND,,6B04-0290/ND26036,6B04-0290,ND26036,NA,NA,NA,NA,NA,NA,NA,NA,NA,NA,NA,NA
391,MS10S3055-008,C1,Sel,BAxND,,6B04-0290/ND26036,6B04-0290,ND26036,NA,NA,NA,NA,NA,NA,NA,NA,NA,NA,NA,NA
392,MS10S3055-010,C1,Sel,BAxND,x,6B04-0290/ND26036,6B04-0290,ND26036,NA,NA,NA,NA,NA,NA,NA,NA,NA,NA,NA,NA
394,MS10S3055-014,C1,Sel,BAxND,,6B04-0290/ND26036,6B04-0290,ND26036,NA,NA,NA,NA,NA,NA,NA,NA,NA,NA,NA,NA
367,MS10S3036-002,C1,Sel,MNxAB,,M122/6B03-4304,M122,6B03-4304,NA,NA,NA,NA,NA,NA,NA,NA,NA,NA,NA,NA
368,MS10S3036-009,C1,Sel,MNxAB,,M122/6B03-4304,M122,6B03-4304,NA,NA,NA,NA,NA,NA,NA,NA,NA,NA,NA,NA
369,MS10S3036-024,C1,Sel,MNxAB,x,M122/6B03-4304,M122,6B03-4304,NA,NA,NA,NA,NA,NA,NA,NA,NA,NA,NA,NA
343,MS10S3029-013,C1,Sel,MNxAB,,FEG183-52/CELEBRATION,FEG183-52,CELEBRATION,NA,NA,NA,NA,NA,NA,NA,NA,NA,NA,NA,NA
301,MS10S3001-003,C1,Sel,MNxMN,,M122/FEG154-47,M122,FEG154-47,NA,NA,NA,NA,NA,NA,NA,NA,NA,NA,NA,NA
302,MS10S3001-013,C1,Sel,MNxMN,x,M122/FEG154-47,M122,FEG154-47,NA,NA,NA,NA,NA,NA,NA,NA,NA,NA,NA,NA
303,MS10S3001-016,C1,Sel,MNxMN,,M122/FEG154-47,M122,FEG154-47,NA,NA,NA,NA,NA,NA,NA,NA,NA,NA,NA,NA
304,MS10S3001-017,C1,Sel,MNxMN,x,M122/FEG154-47,M122,FEG154-47,NA,NA,NA,NA,NA,NA,NA,NA,NA,NA,NA,NA
316,MS10S3008-001,C1,Sel,MNxMN,x,FEG154-47/FEG175-57,FEG154-47,FEG175-57,NA,NA,NA,NA,NA,NA,NA,NA,NA,NA,NA,NA
317,MS10S3008-002,C1,Sel,MNxMN,x,FEG154-47/FEG175-57,FEG154-47,FEG175-57,NA,NA,NA,NA,NA,NA,NA,NA,NA,NA,NA,NA
318,MS10S3008-003,C1,Sel,MNxMN,x,FEG154-47/FEG175-57,FEG154-47,FEG175-57,NA,NA,NA,NA,NA,NA,NA,NA,NA,NA,NA,NA
306,MS10S3004-001,C1,Sel,MNxMN,,M138/FEG175-57,M138,FEG175-57,NA,NA,NA,NA,NA,NA,NA,NA,NA,NA,NA,NA
307,MS10S3004-002,C1,Sel,MNxMN,,M138/FEG175-57,M138,FEG175-57,NA,NA,NA,NA,NA,NA,NA,NA,NA,NA,NA,NA
308,MS10S3004-004,C1,Sel,MNxMN,,M138/FEG175-57,M138,FEG175-57,NA,NA,NA,NA,NA,NA,NA,NA,NA,NA,NA,NA
309,MS10S3004-013,C1,Sel,MNxMN,x,M138/FEG175-57,M138,FEG175-57,NA,NA,NA,NA,NA,NA,NA,NA,NA,NA,NA,NA
310,MS10S3004-016,C1,Sel,MNxMN,x,M138/FEG175-57,M138,FEG175-57,NA,NA,NA,NA,NA,NA,NA,NA,NA,NA,NA,NA
313,MS10S3007-005,C1,Sel,MNxMN,x,FEG153-58/FEG183-52,FEG153-58,FEG183-52,NA,NA,NA,NA,NA,NA,NA,NA,NA,NA,NA,NA
314,MS10S3007-014,C1,Sel,MNxMN,,FEG153-58/FEG183-52,FEG153-58,FEG183-52,NA,NA,NA,NA,NA,NA,NA,NA,NA,NA,NA,NA
315,MS10S3007-024,C1,Sel,MNxMN,x,FEG153-58/FEG183-52,FEG153-58,FEG183-52,NA,NA,NA,NA,NA,NA,NA,NA,NA,NA,NA,NA
319,MS10S3013-001,C1,Sel,MNxMN,x,M122/FEG183-52,M122,FEG183-52,NA,NA,NA,NA,NA,NA,NA,NA,NA,NA,NA,NA
320,MS10S3013-004,C1,Sel,MNxMN,,M122/FEG183-52,M122,FEG183-52,NA,NA,NA,NA,NA,NA,NA,NA,NA,NA,NA,NA
321,MS10S3013-006,C1,Sel,MNxMN,x,M122/FEG183-52,M122,FEG183-52,NA,NA,NA,NA,NA,NA,NA,NA,NA,NA,NA,NA
322,MS10S3013-007,C1,Sel,MNxMN,,M122/FEG183-52,M122,FEG183-52,NA,NA,NA,NA,NA,NA,NA,NA,NA,NA,NA,NA
323,MS10S3013-009,C1,Sel,MNxMN,x,M122/FEG183-52,M122,FEG183-52,NA,NA,NA,NA,NA,NA,NA,NA,NA,NA,NA,NA
324,MS10S3013-019,C1,Sel,MNxMN,x,M122/FEG183-52,M122,FEG183-52,NA,NA,NA,NA,NA,NA,NA,NA,NA,NA,NA,NA
325,MS10S3013-021,C1,Sel,MNxMN,,M122/FEG183-52,M122,FEG183-52,NA,NA,NA,NA,NA,NA,NA,NA,NA,NA,NA,NA
326,MS10S3013-023,C1,Sel,MNxMN,x,M122/FEG183-52,M122,FEG183-52,NA,NA,NA,NA,NA,NA,NA,NA,NA,NA,NA,NA
311,MS10S3005-005,C1,Sel,MNxMN,x,M138/FEG183-52,M138,FEG183-52,NA,NA,NA,NA,NA,NA,NA,NA,NA,NA,NA,NA
312,MS10S3005-006,C1,Sel,MNxMN,,M138/FEG183-52,M138,FEG183-52,NA,NA,NA,NA,NA,NA,NA,NA,NA,NA,NA,NA
305,MS10S3002-012,C1,Sel,MNxMN,x,FEG141-20/M138,FEG141-20,M138,NA,NA,NA,NA,NA,NA,NA,NA,NA,NA,NA,NA
331,MS10S3015-002,C1,Sel,MNxND,x,FEG141-20/ND24906,FEG141-20,ND24906,NA,NA,NA,NA,NA,NA,NA,NA,NA,NA,NA,NA
332,MS10S3015-004,C1,Sel,MNxND,,FEG141-20/ND24906,FEG141-20,ND24906,NA,NA,NA,NA,NA,NA,NA,NA,NA,NA,NA,NA
327,MS10S3014-007,C1,Sel,MNxND,,M122/ND25728,M122,ND25728,NA,NA,NA,NA,NA,NA,NA,NA,NA,NA,NA,NA
328,MS10S3014-008,C1,Sel,MNxND,,M122/ND25728,M122,ND25728,NA,NA,NA,NA,NA,NA,NA,NA,NA,NA,NA,NA
329,MS10S3014-014,C1,Sel,MNxND,x,M122/ND25728,M122,ND25728,NA,NA,NA,NA,NA,NA,NA,NA,NA,NA,NA,NA
330,MS10S3014-016,C1,Sel,MNxND,,M122/ND25728,M122,ND25728,NA,NA,NA,NA,NA,NA,NA,NA,NA,NA,NA,NA
333,MS10S3016-010,C1,Sel,MNxND,,M138/ND25728,M138,ND25728,NA,NA,NA,NA,NA,NA,NA,NA,NA,NA,NA,NA
334,MS10S3018-001,C1,Sel,MNxND,,FEG175-57/ND25986,FEG175-57,ND25986,NA,NA,NA,NA,NA,NA,NA,NA,NA,NA,NA,NA
335,MS10S3018-002,C1,Sel,MNxND,,FEG175-57/ND25986,FEG175-57,ND25986,NA,NA,NA,NA,NA,NA,NA,NA,NA,NA,NA,NA
336,MS10S3018-006,C1,Sel,MNxND,,FEG175-57/ND25986,FEG175-57,ND25986,NA,NA,NA,NA,NA,NA,NA,NA,NA,NA,NA,NA
337,MS10S3018-010,C1,Sel,MNxND,,FEG175-57/ND25986,FEG175-57,ND25986,NA,NA,NA,NA,NA,NA,NA,NA,NA,NA,NA,NA
338,MS10S3018-015,C1,Sel,MNxND,,FEG175-57/ND25986,FEG175-57,ND25986,NA,NA,NA,NA,NA,NA,NA,NA,NA,NA,NA,NA
339,MS10S3019-014,C1,Sel,MNxND,x,FEG175-57/ND26104,FEG175-57,ND26104,NA,NA,NA,NA,NA,NA,NA,NA,NA,NA,NA,NA
340,MS10S3019-023,C1,Sel,MNxND,,FEG175-57/ND26104,FEG175-57,ND26104,NA,NA,NA,NA,NA,NA,NA,NA,NA,NA,NA,NA
375,MS10S3048-002,C1,Sel,NDxAB,x,ND24906/6B03-4304,ND24906,6B03-4304,NA,NA,NA,NA,NA,NA,NA,NA,NA,NA,NA,NA
379,MS10S3051-012,C1,Sel,NDxAB,x,ND26104/6B03-4304,ND26104,6B03-4304,NA,NA,NA,NA,NA,NA,NA,NA,NA,NA,NA,NA
380,MS10S3051-023,C1,Sel,NDxAB,x,ND26104/6B03-4304,ND26104,6B03-4304,NA,NA,NA,NA,NA,NA,NA,NA,NA,NA,NA,NA
381,MS10S3051-024,C1,Sel,NDxAB,,ND26104/6B03-4304,ND26104,6B03-4304,NA,NA,NA,NA,NA,NA,NA,NA,NA,NA,NA,NA
382,MS10S3052-009,C1,Sel,NDxAB,x,ND26104/6B04-0290,ND26104,6B04-0290,NA,NA,NA,NA,NA,NA,NA,NA,NA,NA,NA,NA
383,MS10S3052-014,C1,Sel,NDxAB,x,ND26104/6B04-0290,ND26104,6B04-0290,NA,NA,NA,NA,NA,NA,NA,NA,NA,NA,NA,NA
384,MS10S3052-020,C1,Sel,NDxAB,x,ND26104/6B04-0290,ND26104,6B04-0290,NA,NA,NA,NA,NA,NA,NA,NA,NA,NA,NA,NA
385,MS10S3052-022,C1,Sel,NDxAB,,ND26104/6B04-0290,ND26104,6B04-0290,NA,NA,NA,NA,NA,NA,NA,NA,NA,NA,NA,NA
378,MS10S3050-024,C1,Sel,NDxAB,x,ND26036/6B05-0922,ND26036,6B05-0922,NA,NA,NA,NA,NA,NA,NA,NA,NA,NA,NA,NA
376,MS10S3049-003,C1,Sel,NDxAB,,ND25728/CELEBRATION,ND25728,CELEBRATION,NA,NA,NA,NA,NA,NA,NA,NA,NA,NA,NA,NA
377,MS10S3049-009,C1,Sel,NDxAB,,ND25728/CELEBRATION,ND25728,CELEBRATION,NA,NA,NA,NA,NA,NA,NA,NA,NA,NA,NA,NA
341,MS10S3021-009,C1,Sel,NDxMN,x,ND24906/FEG183-52,ND24906,FEG183-52,NA,NA,NA,NA,NA,NA,NA,NA,NA,NA,NA,NA
342,MS10S3021-012,C1,Sel,NDxMN,,ND24906/FEG183-52,ND24906,FEG183-52,NA,NA,NA,NA,NA,NA,NA,NA,NA,NA,NA,NA
374,MS10S3046-004,C1,Sel,NDxND,x,ND26104/ND24906,ND26104,ND24906,NA,NA,NA,NA,NA,NA,NA,NA,NA,NA,NA,NA
370,MS10S3037-010,C1,Sel,NDxND,,ND20448/ND25160,ND20448,ND25160,NA,NA,NA,NA,NA,NA,NA,NA,NA,NA,NA,NA
372,MS10S3042-003,C1,Sel,NDxND,x,ND25652/ND25160,ND25652,ND25160,NA,NA,NA,NA,NA,NA,NA,NA,NA,NA,NA,NA
371,MS10S3040-004,C1,Sel,NDxND,,ND24906/ND25652,ND24906,ND25652,NA,NA,NA,NA,NA,NA,NA,NA,NA,NA,NA,NA
373,MS10S3044-008,C1,Sel,NDxND,x,ND25986/ND26104,ND25986,ND26104,NA,NA,NA,NA,NA,NA,NA,NA,NA,NA,NA,NA
459,MS11S2053-001,C2,Ran,NA,x,MS10S3032-016/MS10S3004-004,MS10S3032-016,MS10S3004-004,6B03-4304,FEG175-57,M138,FEG175-57,NA,NA,NA,NA,NA,NA,NA,NA
460,MS11S2053-017,C2,Ran,NA,x,MS10S3032-016/MS10S3004-004,MS10S3032-016,MS10S3004-004,6B03-4304,FEG175-57,M138,FEG175-57,NA,NA,NA,NA,NA,NA,NA,NA
456,MS11S2048-001,C2,Ran,NA,x,MS10S3032-004/MS10S3014-021,MS10S3032-004,MS10S3014-021,6B03-4304,FEG175-57,M122,ND25728,NA,NA,NA,NA,NA,NA,NA,NA
457,MS11S2048-005,C2,Ran,NA,x,MS10S3032-004/MS10S3014-021,MS10S3032-004,MS10S3014-021,6B03-4304,FEG175-57,M122,ND25728,NA,NA,NA,NA,NA,NA,NA,NA
458,MS11S2048-014,C2,Ran,NA,x,MS10S3032-004/MS10S3014-021,MS10S3032-004,MS10S3014-021,6B03-4304,FEG175-57,M122,ND25728,NA,NA,NA,NA,NA,NA,NA,NA
461,MS11S2056-011,C2,Ran,NA,,MS10S3034-016/MS10S3001-019,MS10S3034-016,MS10S3001-019,6B03-4478,FEG175-57,M122,FEG154-47,NA,NA,NA,NA,NA,NA,NA,NA
462,MS11S2056-022,C2,Ran,NA,,MS10S3034-016/MS10S3001-019,MS10S3034-016,MS10S3001-019,6B03-4478,FEG175-57,M122,FEG154-47,NA,NA,NA,NA,NA,NA,NA,NA
497,MS11S2092-011,C2,Ran,NA,,MS10S3063-013/MS10S3008-003,MS10S3063-013,MS10S3008-003,6B03-4478,6B05-0922,FEG154-47,FEG175-57,NA,NA,NA,NA,NA,NA,NA,NA
498,MS11S2092-012,C2,Ran,NA,x,MS10S3063-013/MS10S3008-003,MS10S3063-013,MS10S3008-003,6B03-4478,6B05-0922,FEG154-47,FEG175-57,NA,NA,NA,NA,NA,NA,NA,NA
499,MS11S2092-013,C2,Ran,NA,,MS10S3063-013/MS10S3008-003,MS10S3063-013,MS10S3008-003,6B03-4478,6B05-0922,FEG154-47,FEG175-57,NA,NA,NA,NA,NA,NA,NA,NA
493,MS11S2090-017,C2,Ran,NA,,MS10S3063-013/MS10S3014-016,MS10S3063-013,MS10S3014-016,6B03-4478,6B05-0922,M122,ND25728,NA,NA,NA,NA,NA,NA,NA,NA
465,MS11S2058-003,C2,Ran,NA,x,MS10S3034-018/MS10S3029-013,MS10S3034-018,MS10S3029-013,6B03-4478,FEG175-57,FEG183-52,CELEBRATION,NA,NA,NA,NA,NA,NA,NA,NA
466,MS11S2059-001,C2,Ran,NA,x,MS10S3034-019/MS10S3031-013,MS10S3034-019,MS10S3031-013,6B03-4478,FEG175-57,6B03-4304,M138,NA,NA,NA,NA,NA,NA,NA,NA
467,MS11S2059-018,C2,Ran,NA,,MS10S3034-019/MS10S3031-013,MS10S3034-019,MS10S3031-013,6B03-4478,FEG175-57,6B03-4304,M138,NA,NA,NA,NA,NA,NA,NA,NA
468,MS11S2059-022,C2,Ran,NA,,MS10S3034-019/MS10S3031-013,MS10S3034-019,MS10S3031-013,6B03-4478,FEG175-57,6B03-4304,M138,NA,NA,NA,NA,NA,NA,NA,NA
494,MS11S2091-010,C2,Ran,NA,,MS10S3063-013/MS10S3036-002,MS10S3063-013,MS10S3036-002,6B03-4478,6B05-0922,M122,6B03-4304,NA,NA,NA,NA,NA,NA,NA,NA
495,MS11S2091-011,C2,Ran,NA,,MS10S3063-013/MS10S3036-002,MS10S3063-013,MS10S3036-002,6B03-4478,6B05-0922,M122,6B03-4304,NA,NA,NA,NA,NA,NA,NA,NA
496,MS11S2091-019,C2,Ran,NA,,MS10S3063-013/MS10S3036-002,MS10S3063-013,MS10S3036-002,6B03-4478,6B05-0922,M122,6B03-4304,NA,NA,NA,NA,NA,NA,NA,NA
485,MS11S2077-017,C2,Ran,NA,,MS10S3053-015/MS10S3040-004,MS10S3053-015,MS10S3040-004,6B03-4478,ND25986,ND24906,ND25652,NA,NA,NA,NA,NA,NA,NA,NA
486,MS11S2077-023,C2,Ran,NA,,MS10S3053-015/MS10S3040-004,MS10S3053-015,MS10S3040-004,6B03-4478,ND25986,ND24906,ND25652,NA,NA,NA,NA,NA,NA,NA,NA
463,MS11S2057-011,C2,Ran,NA,,MS10S3034-018/MS10S3045-010,MS10S3034-018,MS10S3045-010,6B03-4478,FEG175-57,ND26036,ND24906,NA,NA,NA,NA,NA,NA,NA,NA
464,MS11S2057-012,C2,Ran,NA,x,MS10S3034-018/MS10S3045-010,MS10S3034-018,MS10S3045-010,6B03-4478,FEG175-57,ND26036,ND24906,NA,NA,NA,NA,NA,NA,NA,NA
487,MS11S2078-006,C2,Ran,NA,,MS10S3053-016/MS10S3050-024,MS10S3053-016,MS10S3050-024,6B03-4478,ND25986,ND26036,6B05-0922,NA,NA,NA,NA,NA,NA,NA,NA
488,MS11S2078-015,C2,Ran,NA,x,MS10S3053-016/MS10S3050-024,MS10S3053-016,MS10S3050-024,6B03-4478,ND25986,ND26036,6B05-0922,NA,NA,NA,NA,NA,NA,NA,NA
489,MS11S2078-024,C2,Ran,NA,,MS10S3053-016/MS10S3050-024,MS10S3053-016,MS10S3050-024,6B03-4478,ND25986,ND26036,6B05-0922,NA,NA,NA,NA,NA,NA,NA,NA
490,MS11S2079-016,C2,Ran,NA,,MS10S3055-006/MS10S3012-012,MS10S3055-006,MS10S3012-012,6B04-0290,ND26036,FEG183-52,FEG141-20,NA,NA,NA,NA,NA,NA,NA,NA
491,MS11S2079-024,C2,Ran,NA,,MS10S3055-006/MS10S3012-012,MS10S3055-006,MS10S3012-012,6B04-0290,ND26036,FEG183-52,FEG141-20,NA,NA,NA,NA,NA,NA,NA,NA
492,MS11S2082-007,C2,Ran,NA,x,MS10S3055-010/MS10S3032-010,MS10S3055-010,MS10S3032-010,6B04-0290,ND26036,6B03-4304,FEG175-57,NA,NA,NA,NA,NA,NA,NA,NA
420,MS11S2022-005,C2,Ran,NA,,MS10S3015-002/MS10S3014-008,MS10S3015-002,MS10S3014-008,FEG141-20,ND24906,M122,ND25728,NA,NA,NA,NA,NA,NA,NA,NA
421,MS11S2022-012,C2,Ran,NA,,MS10S3015-002/MS10S3014-008,MS10S3015-002,MS10S3014-008,FEG141-20,ND24906,M122,ND25728,NA,NA,NA,NA,NA,NA,NA,NA
422,MS11S2022-013,C2,Ran,NA,x,MS10S3015-002/MS10S3014-008,MS10S3015-002,MS10S3014-008,FEG141-20,ND24906,M122,ND25728,NA,NA,NA,NA,NA,NA,NA,NA
423,MS11S2022-014,C2,Ran,NA,,MS10S3015-002/MS10S3014-008,MS10S3015-002,MS10S3014-008,FEG141-20,ND24906,M122,ND25728,NA,NA,NA,NA,NA,NA,NA,NA
399,MS11S2004-001,C2,Ran,NA,x,MS10S3007-003/MS10S3004-004,MS10S3007-003,MS10S3004-004,FEG153-58,FEG183-52,M138,FEG175-57,NA,NA,NA,NA,NA,NA,NA,NA
400,MS11S2004-003,C2,Ran,NA,,MS10S3007-003/MS10S3004-004,MS10S3007-003,MS10S3004-004,FEG153-58,FEG183-52,M138,FEG175-57,NA,NA,NA,NA,NA,NA,NA,NA
401,MS11S2004-006,C2,Ran,NA,x,MS10S3007-003/MS10S3004-004,MS10S3007-003,MS10S3004-004,FEG153-58,FEG183-52,M138,FEG175-57,NA,NA,NA,NA,NA,NA,NA,NA
406,MS11S2007-002,C2,Ran,NA,x,MS10S3008-005/MS10S3014-002,MS10S3008-005,MS10S3014-002,FEG154-47,FEG175-57,M122,ND25728,NA,NA,NA,NA,NA,NA,NA,NA
407,MS11S2007-018,C2,Ran,NA,,MS10S3008-005/MS10S3014-002,MS10S3008-005,MS10S3014-002,FEG154-47,FEG175-57,M122,ND25728,NA,NA,NA,NA,NA,NA,NA,NA
405,MS11S2006-004,C2,Ran,NA,,MS10S3008-004/MS10S3015-005,MS10S3008-004,MS10S3015-005,FEG154-47,FEG175-57,FEG141-20,ND24906,NA,NA,NA,NA,NA,NA,NA,NA
402,MS11S2005-006,C2,Ran,NA,x,MS10S3008-003/MS10S3058-024,MS10S3008-003,MS10S3058-024,FEG154-47,FEG175-57,CELEBRATION,6B04-0290,NA,NA,NA,NA,NA,NA,NA,NA
403,MS11S2005-015,C2,Ran,NA,x,MS10S3008-003/MS10S3058-024,MS10S3008-003,MS10S3058-024,FEG154-47,FEG175-57,CELEBRATION,6B04-0290,NA,NA,NA,NA,NA,NA,NA,NA
404,MS11S2005-020,C2,Ran,NA,,MS10S3008-003/MS10S3058-024,MS10S3008-003,MS10S3058-024,FEG154-47,FEG175-57,CELEBRATION,6B04-0290,NA,NA,NA,NA,NA,NA,NA,NA
427,MS11S2027-001,C2,Ran,NA,x,MS10S3018-002/MS10S3014-013,MS10S3018-002,MS10S3014-013,FEG175-57,ND25986,M122,ND25728,NA,NA,NA,NA,NA,NA,NA,NA
428,MS11S2027-008,C2,Ran,NA,x,MS10S3018-002/MS10S3014-013,MS10S3018-002,MS10S3014-013,FEG175-57,ND25986,M122,ND25728,NA,NA,NA,NA,NA,NA,NA,NA
429,MS11S2027-013,C2,Ran,NA,,MS10S3018-002/MS10S3014-013,MS10S3018-002,MS10S3014-013,FEG175-57,ND25986,M122,ND25728,NA,NA,NA,NA,NA,NA,NA,NA
430,MS11S2028-003,C2,Ran,NA,,MS10S3018-006/MS10S3015-004,MS10S3018-006,MS10S3015-004,FEG175-57,ND25986,FEG141-20,ND24906,NA,NA,NA,NA,NA,NA,NA,NA
426,MS11S2026-007,C2,Ran,NA,,MS10S3018-001/MS10S3021-013,MS10S3018-001,MS10S3021-013,FEG175-57,ND25986,ND24906,FEG183-52,NA,NA,NA,NA,NA,NA,NA,NA
435,MS11S2030-002,C2,Ran,NA,,MS10S3018-015/MS10S3049-009,MS10S3018-015,MS10S3049-009,FEG175-57,ND25986,ND25728,CELEBRATION,NA,NA,NA,NA,NA,NA,NA,NA
436,MS11S2030-005,C2,Ran,NA,,MS10S3018-015/MS10S3049-009,MS10S3018-015,MS10S3049-009,FEG175-57,ND25986,ND25728,CELEBRATION,NA,NA,NA,NA,NA,NA,NA,NA
431,MS11S2029-008,C2,Ran,NA,,MS10S3018-006/MS10S3055-014,MS10S3018-006,MS10S3055-014,FEG175-57,ND25986,6B04-0290,ND26036,NA,NA,NA,NA,NA,NA,NA,NA
432,MS11S2029-010,C2,Ran,NA,,MS10S3018-006/MS10S3055-014,MS10S3018-006,MS10S3055-014,FEG175-57,ND25986,6B04-0290,ND26036,NA,NA,NA,NA,NA,NA,NA,NA
433,MS11S2029-021,C2,Ran,NA,x,MS10S3018-006/MS10S3055-014,MS10S3018-006,MS10S3055-014,FEG175-57,ND25986,6B04-0290,ND26036,NA,NA,NA,NA,NA,NA,NA,NA
434,MS11S2029-023,C2,Ran,NA,,MS10S3018-006/MS10S3055-014,MS10S3018-006,MS10S3055-014,FEG175-57,ND25986,6B04-0290,ND26036,NA,NA,NA,NA,NA,NA,NA,NA
409,MS11S2013-007,C2,Ran,NA,x,MS10S3013-013/MS10S3004-004,MS10S3013-013,MS10S3004-004,M122,FEG183-52,M138,FEG175-57,NA,NA,NA,NA,NA,NA,NA,NA
410,MS11S2013-021,C2,Ran,NA,,MS10S3013-013/MS10S3004-004,MS10S3013-013,MS10S3004-004,M122,FEG183-52,M138,FEG175-57,NA,NA,NA,NA,NA,NA,NA,NA
411,MS11S2015-019,C2,Ran,NA,,MS10S3013-023/MS10S3008-003,MS10S3013-023,MS10S3008-003,M122,FEG183-52,FEG154-47,FEG175-57,NA,NA,NA,NA,NA,NA,NA,NA
408,MS11S2011-008,C2,Ran,NA,,MS10S3013-013/MS10S3008-004,MS10S3013-013,MS10S3008-004,M122,FEG183-52,FEG154-47,FEG175-57,NA,NA,NA,NA,NA,NA,NA,NA
412,MS11S2016-008,C2,Ran,NA,x,MS10S3014-007/MS10S3037-010,MS10S3014-007,MS10S3037-010,M122,ND25728,ND20448,ND25160,NA,NA,NA,NA,NA,NA,NA,NA
413,MS11S2016-011,C2,Ran,NA,x,MS10S3014-007/MS10S3037-010,MS10S3014-007,MS10S3037-010,M122,ND25728,ND20448,ND25160,NA,NA,NA,NA,NA,NA,NA,NA
414,MS11S2016-020,C2,Ran,NA,x,MS10S3014-007/MS10S3037-010,MS10S3014-007,MS10S3037-010,M122,ND25728,ND20448,ND25160,NA,NA,NA,NA,NA,NA,NA,NA
417,MS11S2021-015,C2,Ran,NA,,MS10S3014-020/MS10S3040-004,MS10S3014-020,MS10S3040-004,M122,ND25728,ND24906,ND25652,NA,NA,NA,NA,NA,NA,NA,NA
418,MS11S2021-017,C2,Ran,NA,,MS10S3014-020/MS10S3040-004,MS10S3014-020,MS10S3040-004,M122,ND25728,ND24906,ND25652,NA,NA,NA,NA,NA,NA,NA,NA
419,MS11S2021-020,C2,Ran,NA,,MS10S3014-020/MS10S3040-004,MS10S3014-020,MS10S3040-004,M122,ND25728,ND24906,ND25652,NA,NA,NA,NA,NA,NA,NA,NA
415,MS11S2020-008,C2,Ran,NA,x,MS10S3014-016/MS10S3041-010,MS10S3014-016,MS10S3041-010,M122,ND25728,ND25160,ND24906,NA,NA,NA,NA,NA,NA,NA,NA
416,MS11S2020-017,C2,Ran,NA,x,MS10S3014-016/MS10S3041-010,MS10S3014-016,MS10S3041-010,M122,ND25728,ND25160,ND24906,NA,NA,NA,NA,NA,NA,NA,NA
424,MS11S2025-009,C2,Ran,NA,x,MS10S3016-010/MS10S3036-002,MS10S3016-010,MS10S3036-002,M138,ND25728,M122,6B03-4304,NA,NA,NA,NA,NA,NA,NA,NA
425,MS11S2025-018,C2,Ran,NA,,MS10S3016-010/MS10S3036-002,MS10S3016-010,MS10S3036-002,M138,ND25728,M122,6B03-4304,NA,NA,NA,NA,NA,NA,NA,NA
469,MS11S2063-024,C2,Ran,NA,x,MS10S3037-010/MS10S3014-007,MS10S3037-010,MS10S3014-007,ND20448,ND25160,M122,ND25728,NA,NA,NA,NA,NA,NA,NA,NA
470,MS11S2064-007,C2,Ran,NA,x,MS10S3037-010/MS10S3045-010,MS10S3037-010,MS10S3045-010,ND20448,ND25160,ND26036,ND24906,NA,NA,NA,NA,NA,NA,NA,NA
471,MS11S2064-020,C2,Ran,NA,x,MS10S3037-010/MS10S3045-010,MS10S3037-010,MS10S3045-010,ND20448,ND25160,ND26036,ND24906,NA,NA,NA,NA,NA,NA,NA,NA
472,MS11S2064-021,C2,Ran,NA,x,MS10S3037-010/MS10S3045-010,MS10S3037-010,MS10S3045-010,ND20448,ND25160,ND26036,ND24906,NA,NA,NA,NA,NA,NA,NA,NA
473,MS11S2065-002,C2,Ran,NA,,MS10S3040-004/MS10S3001-019,MS10S3040-004,MS10S3001-019,ND24906,ND25652,M122,FEG154-47,NA,NA,NA,NA,NA,NA,NA,NA
437,MS11S2033-020,C2,Ran,NA,,MS10S3021-009/MS10S3014-008,MS10S3021-009,MS10S3014-008,ND24906,FEG183-52,M122,ND25728,NA,NA,NA,NA,NA,NA,NA,NA
478,MS11S2070-002,C2,Ran,NA,x,MS10S3048-002/MS10S3055-008,MS10S3048-002,MS10S3055-008,ND24906,6B03-4304,6B04-0290,ND26036,NA,NA,NA,NA,NA,NA,NA,NA
438,MS11S2034-002,C2,Ran,NA,x,MS10S3021-009/MS10S3055-013,MS10S3021-009,MS10S3055-013,ND24906,FEG183-52,6B03-4478,ND25986,NA,NA,NA,NA,NA,NA,NA,NA
439,MS11S2034-010,C2,Ran,NA,,MS10S3021-009/MS10S3055-013,MS10S3021-009,MS10S3055-013,ND24906,FEG183-52,6B03-4478,ND25986,NA,NA,NA,NA,NA,NA,NA,NA
444,MS11S2037-011,C2,Ran,NA,x,MS10S3021-013/MS10S3055-013,MS10S3021-013,MS10S3055-013,ND24906,FEG183-52,6B03-4478,ND25986,NA,NA,NA,NA,NA,NA,NA,NA
445,MS11S2037-022,C2,Ran,NA,x,MS10S3021-013/MS10S3055-013,MS10S3021-013,MS10S3055-013,ND24906,FEG183-52,6B03-4478,ND25986,NA,NA,NA,NA,NA,NA,NA,NA
446,MS11S2038-011,C2,Ran,NA,x,MS10S3021-013/MS10S3058-024,MS10S3021-013,MS10S3058-024,ND24906,FEG183-52,CELEBRATION,6B04-0290,NA,NA,NA,NA,NA,NA,NA,NA
447,MS11S2038-016,C2,Ran,NA,x,MS10S3021-013/MS10S3058-024,MS10S3021-013,MS10S3058-024,ND24906,FEG183-52,CELEBRATION,6B04-0290,NA,NA,NA,NA,NA,NA,NA,NA
440,MS11S2036-009,C2,Ran,NA,x,MS10S3021-012/MS10S3063-013,MS10S3021-012,MS10S3063-013,ND24906,FEG183-52,6B03-4478,6B05-0922,NA,NA,NA,NA,NA,NA,NA,NA
441,MS11S2036-015,C2,Ran,NA,x,MS10S3021-012/MS10S3063-013,MS10S3021-012,MS10S3063-013,ND24906,FEG183-52,6B03-4478,6B05-0922,NA,NA,NA,NA,NA,NA,NA,NA
442,MS11S2036-017,C2,Ran,NA,,MS10S3021-012/MS10S3063-013,MS10S3021-012,MS10S3063-013,ND24906,FEG183-52,6B03-4478,6B05-0922,NA,NA,NA,NA,NA,NA,NA,NA
443,MS11S2036-023,C2,Ran,NA,x,MS10S3021-012/MS10S3063-013,MS10S3021-012,MS10S3063-013,ND24906,FEG183-52,6B03-4478,6B05-0922,NA,NA,NA,NA,NA,NA,NA,NA
474,MS11S2067-014,C2,Ran,NA,x,MS10S3041-010/MS10S3012-012,MS10S3041-010,MS10S3012-012,ND25160,ND24906,FEG183-52,FEG141-20,NA,NA,NA,NA,NA,NA,NA,NA
479,MS11S2072-015,C2,Ran,NA,,MS10S3049-003/MS10S3015-002,MS10S3049-003,MS10S3015-002,ND25728,CELEBRATION,FEG141-20,ND24906,NA,NA,NA,NA,NA,NA,NA,NA
480,MS11S2072-017,C2,Ran,NA,,MS10S3049-003/MS10S3015-002,MS10S3049-003,MS10S3015-002,ND25728,CELEBRATION,FEG141-20,ND24906,NA,NA,NA,NA,NA,NA,NA,NA
481,MS11S2073-007,C2,Ran,NA,,MS10S3049-009/MS10S3048-002,MS10S3049-009,MS10S3048-002,ND25728,CELEBRATION,ND24906,6B03-4304,NA,NA,NA,NA,NA,NA,NA,NA
482,MS11S2073-009,C2,Ran,NA,x,MS10S3049-009/MS10S3048-002,MS10S3049-009,MS10S3048-002,ND25728,CELEBRATION,ND24906,6B03-4304,NA,NA,NA,NA,NA,NA,NA,NA
483,MS11S2073-019,C2,Ran,NA,x,MS10S3049-009/MS10S3048-002,MS10S3049-009,MS10S3048-002,ND25728,CELEBRATION,ND24906,6B03-4304,NA,NA,NA,NA,NA,NA,NA,NA
448,MS11S2041-015,C2,Ran,NA,x,MS10S3024-005/MS10S3013-016,MS10S3024-005,MS10S3013-016,ND26036,FEG154-47,M122,FEG183-52,NA,NA,NA,NA,NA,NA,NA,NA
449,MS11S2041-017,C2,Ran,NA,,MS10S3024-005/MS10S3013-016,MS10S3024-005,MS10S3013-016,ND26036,FEG154-47,M122,FEG183-52,NA,NA,NA,NA,NA,NA,NA,NA
450,MS11S2041-020,C2,Ran,NA,x,MS10S3024-005/MS10S3013-016,MS10S3024-005,MS10S3013-016,ND26036,FEG154-47,M122,FEG183-52,NA,NA,NA,NA,NA,NA,NA,NA
451,MS11S2042-003,C2,Ran,NA,x,MS10S3024-007/MS10S3021-009,MS10S3024-007,MS10S3021-009,ND26036,FEG154-47,ND24906,FEG183-52,NA,NA,NA,NA,NA,NA,NA,NA
452,MS11S2042-013,C2,Ran,NA,x,MS10S3024-007/MS10S3021-009,MS10S3024-007,MS10S3021-009,ND26036,FEG154-47,ND24906,FEG183-52,NA,NA,NA,NA,NA,NA,NA,NA
453,MS11S2042-017,C2,Ran,NA,,MS10S3024-007/MS10S3021-009,MS10S3024-007,MS10S3021-009,ND26036,FEG154-47,ND24906,FEG183-52,NA,NA,NA,NA,NA,NA,NA,NA
454,MS11S2042-019,C2,Ran,NA,x,MS10S3024-007/MS10S3021-009,MS10S3024-007,MS10S3021-009,ND26036,FEG154-47,ND24906,FEG183-52,NA,NA,NA,NA,NA,NA,NA,NA
455,MS11S2042-021,C2,Ran,NA,x,MS10S3024-007/MS10S3021-009,MS10S3024-007,MS10S3021-009,ND26036,FEG154-47,ND24906,FEG183-52,NA,NA,NA,NA,NA,NA,NA,NA
484,MS11S2075-016,C2,Ran,NA,,MS10S3050-024/MS10S3049-003,MS10S3050-024,MS10S3049-003,ND26036,6B05-0922,ND25728,CELEBRATION,NA,NA,NA,NA,NA,NA,NA,NA
475,MS11S2068-008,C2,Ran,NA,,MS10S3045-010/MS10S3056-008,MS10S3045-010,MS10S3056-008,ND26036,ND24906,6B05-0922,ND25728,NA,NA,NA,NA,NA,NA,NA,NA
476,MS11S2068-009,C2,Ran,NA,,MS10S3045-010/MS10S3056-008,MS10S3045-010,MS10S3056-008,ND26036,ND24906,6B05-0922,ND25728,NA,NA,NA,NA,NA,NA,NA,NA
477,MS11S2069-021,C2,Ran,NA,x,MS10S3046-019/MS10S3055-008,MS10S3046-019,MS10S3055-008,ND26104,ND24906,6B04-0290,ND26036,NA,NA,NA,NA,NA,NA,NA,NA
550,MS11S2053-015,C2,Sel,NA,,MS10S3032-016/MS10S3004-004,MS10S3032-016,MS10S3004-004,6B03-4304,FEG175-57,M138,FEG175-57,NA,NA,NA,NA,NA,NA,NA,NA
551,MS11S2053-018,C2,Sel,NA,,MS10S3032-016/MS10S3004-004,MS10S3032-016,MS10S3004-004,6B03-4304,FEG175-57,M138,FEG175-57,NA,NA,NA,NA,NA,NA,NA,NA
552,MS11S2053-023,C2,Sel,NA,x,MS10S3032-016/MS10S3004-004,MS10S3032-016,MS10S3004-004,6B03-4304,FEG175-57,M138,FEG175-57,NA,NA,NA,NA,NA,NA,NA,NA
541,MS11S2052-001,C2,Sel,NA,x,MS10S3032-016/MS10S3019-015,MS10S3032-016,MS10S3019-015,6B03-4304,FEG175-57,FEG175-57,ND26104,NA,NA,NA,NA,NA,NA,NA,NA
542,MS11S2052-008,C2,Sel,NA,x,MS10S3032-016/MS10S3019-015,MS10S3032-016,MS10S3019-015,6B03-4304,FEG175-57,FEG175-57,ND26104,NA,NA,NA,NA,NA,NA,NA,NA
543,MS11S2052-009,C2,Sel,NA,,MS10S3032-016/MS10S3019-015,MS10S3032-016,MS10S3019-015,6B03-4304,FEG175-57,FEG175-57,ND26104,NA,NA,NA,NA,NA,NA,NA,NA
544,MS11S2052-010,C2,Sel,NA,x,MS10S3032-016/MS10S3019-015,MS10S3032-016,MS10S3019-015,6B03-4304,FEG175-57,FEG175-57,ND26104,NA,NA,NA,NA,NA,NA,NA,NA
545,MS11S2052-011,C2,Sel,NA,,MS10S3032-016/MS10S3019-015,MS10S3032-016,MS10S3019-015,6B03-4304,FEG175-57,FEG175-57,ND26104,NA,NA,NA,NA,NA,NA,NA,NA
546,MS11S2052-012,C2,Sel,NA,,MS10S3032-016/MS10S3019-015,MS10S3032-016,MS10S3019-015,6B03-4304,FEG175-57,FEG175-57,ND26104,NA,NA,NA,NA,NA,NA,NA,NA
547,MS11S2052-019,C2,Sel,NA,,MS10S3032-016/MS10S3019-015,MS10S3032-016,MS10S3019-015,6B03-4304,FEG175-57,FEG175-57,ND26104,NA,NA,NA,NA,NA,NA,NA,NA
548,MS11S2052-022,C2,Sel,NA,,MS10S3032-016/MS10S3019-015,MS10S3032-016,MS10S3019-015,6B03-4304,FEG175-57,FEG175-57,ND26104,NA,NA,NA,NA,NA,NA,NA,NA
549,MS11S2052-024,C2,Sel,NA,,MS10S3032-016/MS10S3019-015,MS10S3032-016,MS10S3019-015,6B03-4304,FEG175-57,FEG175-57,ND26104,NA,NA,NA,NA,NA,NA,NA,NA
600,MS11S2090-011,C2,Sel,NA,,MS10S3063-013/MS10S3014-016,MS10S3063-013,MS10S3014-016,6B03-4478,6B05-0922,M122,ND25728,NA,NA,NA,NA,NA,NA,NA,NA
601,MS11S2090-013,C2,Sel,NA,x,MS10S3063-013/MS10S3014-016,MS10S3063-013,MS10S3014-016,6B03-4478,6B05-0922,M122,ND25728,NA,NA,NA,NA,NA,NA,NA,NA
602,MS11S2090-020,C2,Sel,NA,x,MS10S3063-013/MS10S3014-016,MS10S3063-013,MS10S3014-016,6B03-4478,6B05-0922,M122,ND25728,NA,NA,NA,NA,NA,NA,NA,NA
603,MS11S2090-023,C2,Sel,NA,,MS10S3063-013/MS10S3014-016,MS10S3063-013,MS10S3014-016,6B03-4478,6B05-0922,M122,ND25728,NA,NA,NA,NA,NA,NA,NA,NA
577,MS11S2076-002,C2,Sel,NA,x,MS10S3053-015/MS10S3019-015,MS10S3053-015,MS10S3019-015,6B03-4478,ND25986,FEG175-57,ND26104,NA,NA,NA,NA,NA,NA,NA,NA
578,MS11S2076-014,C2,Sel,NA,,MS10S3053-015/MS10S3019-015,MS10S3053-015,MS10S3019-015,6B03-4478,ND25986,FEG175-57,ND26104,NA,NA,NA,NA,NA,NA,NA,NA
579,MS11S2076-019,C2,Sel,NA,,MS10S3053-015/MS10S3019-015,MS10S3053-015,MS10S3019-015,6B03-4478,ND25986,FEG175-57,ND26104,NA,NA,NA,NA,NA,NA,NA,NA
580,MS11S2076-021,C2,Sel,NA,,MS10S3053-015/MS10S3019-015,MS10S3053-015,MS10S3019-015,6B03-4478,ND25986,FEG175-57,ND26104,NA,NA,NA,NA,NA,NA,NA,NA
581,MS11S2076-022,C2,Sel,NA,x,MS10S3053-015/MS10S3019-015,MS10S3053-015,MS10S3019-015,6B03-4478,ND25986,FEG175-57,ND26104,NA,NA,NA,NA,NA,NA,NA,NA
555,MS11S2058-004,C2,Sel,NA,,MS10S3034-018/MS10S3029-013,MS10S3034-018,MS10S3029-013,6B03-4478,FEG175-57,FEG183-52,CELEBRATION,NA,NA,NA,NA,NA,NA,NA,NA
556,MS11S2058-010,C2,Sel,NA,x,MS10S3034-018/MS10S3029-013,MS10S3034-018,MS10S3029-013,6B03-4478,FEG175-57,FEG183-52,CELEBRATION,NA,NA,NA,NA,NA,NA,NA,NA
557,MS11S2058-012,C2,Sel,NA,x,MS10S3034-018/MS10S3029-013,MS10S3034-018,MS10S3029-013,6B03-4478,FEG175-57,FEG183-52,CELEBRATION,NA,NA,NA,NA,NA,NA,NA,NA
558,MS11S2058-014,C2,Sel,NA,x,MS10S3034-018/MS10S3029-013,MS10S3034-018,MS10S3029-013,6B03-4478,FEG175-57,FEG183-52,CELEBRATION,NA,NA,NA,NA,NA,NA,NA,NA
559,MS11S2058-019,C2,Sel,NA,x,MS10S3034-018/MS10S3029-013,MS10S3034-018,MS10S3029-013,6B03-4478,FEG175-57,FEG183-52,CELEBRATION,NA,NA,NA,NA,NA,NA,NA,NA
560,MS11S2058-021,C2,Sel,NA,,MS10S3034-018/MS10S3029-013,MS10S3034-018,MS10S3029-013,6B03-4478,FEG175-57,FEG183-52,CELEBRATION,NA,NA,NA,NA,NA,NA,NA,NA
561,MS11S2058-022,C2,Sel,NA,x,MS10S3034-018/MS10S3029-013,MS10S3034-018,MS10S3029-013,6B03-4478,FEG175-57,FEG183-52,CELEBRATION,NA,NA,NA,NA,NA,NA,NA,NA
604,MS11S2091-015,C2,Sel,NA,,MS10S3063-013/MS10S3036-002,MS10S3063-013,MS10S3036-002,6B03-4478,6B05-0922,M122,6B03-4304,NA,NA,NA,NA,NA,NA,NA,NA
582,MS11S2077-003,C2,Sel,NA,x,MS10S3053-015/MS10S3040-004,MS10S3053-015,MS10S3040-004,6B03-4478,ND25986,ND24906,ND25652,NA,NA,NA,NA,NA,NA,NA,NA
583,MS11S2077-013,C2,Sel,NA,x,MS10S3053-015/MS10S3040-004,MS10S3053-015,MS10S3040-004,6B03-4478,ND25986,ND24906,ND25652,NA,NA,NA,NA,NA,NA,NA,NA
553,MS11S2057-016,C2,Sel,NA,,MS10S3034-018/MS10S3045-010,MS10S3034-018,MS10S3045-010,6B03-4478,FEG175-57,ND26036,ND24906,NA,NA,NA,NA,NA,NA,NA,NA
554,MS11S2057-023,C2,Sel,NA,,MS10S3034-018/MS10S3045-010,MS10S3034-018,MS10S3045-010,6B03-4478,FEG175-57,ND26036,ND24906,NA,NA,NA,NA,NA,NA,NA,NA
584,MS11S2078-001,C2,Sel,NA,x,MS10S3053-016/MS10S3050-024,MS10S3053-016,MS10S3050-024,6B03-4478,ND25986,ND26036,6B05-0922,NA,NA,NA,NA,NA,NA,NA,NA
585,MS11S2078-017,C2,Sel,NA,,MS10S3053-016/MS10S3050-024,MS10S3053-016,MS10S3050-024,6B03-4478,ND25986,ND26036,6B05-0922,NA,NA,NA,NA,NA,NA,NA,NA
586,MS11S2079-018,C2,Sel,NA,x,MS10S3055-006/MS10S3012-012,MS10S3055-006,MS10S3012-012,6B04-0290,ND26036,FEG183-52,FEG141-20,NA,NA,NA,NA,NA,NA,NA,NA
587,MS11S2080-002,C2,Sel,NA,x,MS10S3055-006/MS10S3018-006,MS10S3055-006,MS10S3018-006,6B04-0290,ND26036,FEG175-57,ND25986,NA,NA,NA,NA,NA,NA,NA,NA
588,MS11S2080-004,C2,Sel,NA,x,MS10S3055-006/MS10S3018-006,MS10S3055-006,MS10S3018-006,6B04-0290,ND26036,FEG175-57,ND25986,NA,NA,NA,NA,NA,NA,NA,NA
589,MS11S2080-006,C2,Sel,NA,,MS10S3055-006/MS10S3018-006,MS10S3055-006,MS10S3018-006,6B04-0290,ND26036,FEG175-57,ND25986,NA,NA,NA,NA,NA,NA,NA,NA
590,MS11S2080-007,C2,Sel,NA,x,MS10S3055-006/MS10S3018-006,MS10S3055-006,MS10S3018-006,6B04-0290,ND26036,FEG175-57,ND25986,NA,NA,NA,NA,NA,NA,NA,NA
591,MS11S2080-009,C2,Sel,NA,x,MS10S3055-006/MS10S3018-006,MS10S3055-006,MS10S3018-006,6B04-0290,ND26036,FEG175-57,ND25986,NA,NA,NA,NA,NA,NA,NA,NA
592,MS11S2080-010,C2,Sel,NA,,MS10S3055-006/MS10S3018-006,MS10S3055-006,MS10S3018-006,6B04-0290,ND26036,FEG175-57,ND25986,NA,NA,NA,NA,NA,NA,NA,NA
593,MS11S2080-012,C2,Sel,NA,x,MS10S3055-006/MS10S3018-006,MS10S3055-006,MS10S3018-006,6B04-0290,ND26036,FEG175-57,ND25986,NA,NA,NA,NA,NA,NA,NA,NA
594,MS11S2080-015,C2,Sel,NA,,MS10S3055-006/MS10S3018-006,MS10S3055-006,MS10S3018-006,6B04-0290,ND26036,FEG175-57,ND25986,NA,NA,NA,NA,NA,NA,NA,NA
595,MS11S2080-016,C2,Sel,NA,x,MS10S3055-006/MS10S3018-006,MS10S3055-006,MS10S3018-006,6B04-0290,ND26036,FEG175-57,ND25986,NA,NA,NA,NA,NA,NA,NA,NA
596,MS11S2080-017,C2,Sel,NA,x,MS10S3055-006/MS10S3018-006,MS10S3055-006,MS10S3018-006,6B04-0290,ND26036,FEG175-57,ND25986,NA,NA,NA,NA,NA,NA,NA,NA
597,MS11S2080-019,C2,Sel,NA,x,MS10S3055-006/MS10S3018-006,MS10S3055-006,MS10S3018-006,6B04-0290,ND26036,FEG175-57,ND25986,NA,NA,NA,NA,NA,NA,NA,NA
598,MS11S2082-001,C2,Sel,NA,,MS10S3055-010/MS10S3032-010,MS10S3055-010,MS10S3032-010,6B04-0290,ND26036,6B03-4304,FEG175-57,NA,NA,NA,NA,NA,NA,NA,NA
599,MS11S2082-014,C2,Sel,NA,,MS10S3055-010/MS10S3032-010,MS10S3055-010,MS10S3032-010,6B04-0290,ND26036,6B03-4304,FEG175-57,NA,NA,NA,NA,NA,NA,NA,NA
500,MS11S2007-008,C2,Sel,NA,x,MS10S3008-005/MS10S3014-002,MS10S3008-005,MS10S3014-002,FEG154-47,FEG175-57,M122,ND25728,NA,NA,NA,NA,NA,NA,NA,NA
501,MS11S2007-012,C2,Sel,NA,,MS10S3008-005/MS10S3014-002,MS10S3008-005,MS10S3014-002,FEG154-47,FEG175-57,M122,ND25728,NA,NA,NA,NA,NA,NA,NA,NA
502,MS11S2007-023,C2,Sel,NA,,MS10S3008-005/MS10S3014-002,MS10S3008-005,MS10S3014-002,FEG154-47,FEG175-57,M122,ND25728,NA,NA,NA,NA,NA,NA,NA,NA
537,MS11S2031-023,C2,Sel,NA,x,MS10S3018-015/MS10S3013-016,MS10S3018-015,MS10S3013-016,FEG175-57,ND25986,M122,FEG183-52,NA,NA,NA,NA,NA,NA,NA,NA
527,MS11S2028-017,C2,Sel,NA,x,MS10S3018-006/MS10S3015-004,MS10S3018-006,MS10S3015-004,FEG175-57,ND25986,FEG141-20,ND24906,NA,NA,NA,NA,NA,NA,NA,NA
523,MS11S2026-001,C2,Sel,NA,,MS10S3018-001/MS10S3021-013,MS10S3018-001,MS10S3021-013,FEG175-57,ND25986,ND24906,FEG183-52,NA,NA,NA,NA,NA,NA,NA,NA
524,MS11S2026-006,C2,Sel,NA,x,MS10S3018-001/MS10S3021-013,MS10S3018-001,MS10S3021-013,FEG175-57,ND25986,ND24906,FEG183-52,NA,NA,NA,NA,NA,NA,NA,NA
525,MS11S2026-019,C2,Sel,NA,x,MS10S3018-001/MS10S3021-013,MS10S3018-001,MS10S3021-013,FEG175-57,ND25986,ND24906,FEG183-52,NA,NA,NA,NA,NA,NA,NA,NA
526,MS11S2026-020,C2,Sel,NA,,MS10S3018-001/MS10S3021-013,MS10S3018-001,MS10S3021-013,FEG175-57,ND25986,ND24906,FEG183-52,NA,NA,NA,NA,NA,NA,NA,NA
536,MS11S2030-006,C2,Sel,NA,x,MS10S3018-015/MS10S3049-009,MS10S3018-015,MS10S3049-009,FEG175-57,ND25986,ND25728,CELEBRATION,NA,NA,NA,NA,NA,NA,NA,NA
528,MS11S2029-011,C2,Sel,NA,x,MS10S3018-006/MS10S3055-014,MS10S3018-006,MS10S3055-014,FEG175-57,ND25986,6B04-0290,ND26036,NA,NA,NA,NA,NA,NA,NA,NA
529,MS11S2029-012,C2,Sel,NA,,MS10S3018-006/MS10S3055-014,MS10S3018-006,MS10S3055-014,FEG175-57,ND25986,6B04-0290,ND26036,NA,NA,NA,NA,NA,NA,NA,NA
530,MS11S2029-014,C2,Sel,NA,x,MS10S3018-006/MS10S3055-014,MS10S3018-006,MS10S3055-014,FEG175-57,ND25986,6B04-0290,ND26036,NA,NA,NA,NA,NA,NA,NA,NA
531,MS11S2029-015,C2,Sel,NA,,MS10S3018-006/MS10S3055-014,MS10S3018-006,MS10S3055-014,FEG175-57,ND25986,6B04-0290,ND26036,NA,NA,NA,NA,NA,NA,NA,NA
532,MS11S2029-017,C2,Sel,NA,x,MS10S3018-006/MS10S3055-014,MS10S3018-006,MS10S3055-014,FEG175-57,ND25986,6B04-0290,ND26036,NA,NA,NA,NA,NA,NA,NA,NA
533,MS11S2029-018,C2,Sel,NA,x,MS10S3018-006/MS10S3055-014,MS10S3018-006,MS10S3055-014,FEG175-57,ND25986,6B04-0290,ND26036,NA,NA,NA,NA,NA,NA,NA,NA
534,MS11S2029-019,C2,Sel,NA,,MS10S3018-006/MS10S3055-014,MS10S3018-006,MS10S3055-014,FEG175-57,ND25986,6B04-0290,ND26036,NA,NA,NA,NA,NA,NA,NA,NA
535,MS11S2029-024,C2,Sel,NA,,MS10S3018-006/MS10S3055-014,MS10S3018-006,MS10S3055-014,FEG175-57,ND25986,6B04-0290,ND26036,NA,NA,NA,NA,NA,NA,NA,NA
503,MS11S2014-023,C2,Sel,NA,x,MS10S3013-016/MS10S3018-006,MS10S3013-016,MS10S3018-006,M122,FEG183-52,FEG175-57,ND25986,NA,NA,NA,NA,NA,NA,NA,NA
504,MS11S2016-001,C2,Sel,NA,,MS10S3014-007/MS10S3037-010,MS10S3014-007,MS10S3037-010,M122,ND25728,ND20448,ND25160,NA,NA,NA,NA,NA,NA,NA,NA
505,MS11S2016-014,C2,Sel,NA,,MS10S3014-007/MS10S3037-010,MS10S3014-007,MS10S3037-010,M122,ND25728,ND20448,ND25160,NA,NA,NA,NA,NA,NA,NA,NA
506,MS11S2016-015,C2,Sel,NA,,MS10S3014-007/MS10S3037-010,MS10S3014-007,MS10S3037-010,M122,ND25728,ND20448,ND25160,NA,NA,NA,NA,NA,NA,NA,NA
507,MS11S2016-016,C2,Sel,NA,,MS10S3014-007/MS10S3037-010,MS10S3014-007,MS10S3037-010,M122,ND25728,ND20448,ND25160,NA,NA,NA,NA,NA,NA,NA,NA
508,MS11S2016-021,C2,Sel,NA,x,MS10S3014-007/MS10S3037-010,MS10S3014-007,MS10S3037-010,M122,ND25728,ND20448,ND25160,NA,NA,NA,NA,NA,NA,NA,NA
510,MS11S2021-003,C2,Sel,NA,,MS10S3014-020/MS10S3040-004,MS10S3014-020,MS10S3040-004,M122,ND25728,ND24906,ND25652,NA,NA,NA,NA,NA,NA,NA,NA
511,MS11S2021-008,C2,Sel,NA,x,MS10S3014-020/MS10S3040-004,MS10S3014-020,MS10S3040-004,M122,ND25728,ND24906,ND25652,NA,NA,NA,NA,NA,NA,NA,NA
512,MS11S2021-024,C2,Sel,NA,,MS10S3014-020/MS10S3040-004,MS10S3014-020,MS10S3040-004,M122,ND25728,ND24906,ND25652,NA,NA,NA,NA,NA,NA,NA,NA
509,MS11S2020-020,C2,Sel,NA,x,MS10S3014-016/MS10S3041-010,MS10S3014-016,MS10S3041-010,M122,ND25728,ND25160,ND24906,NA,NA,NA,NA,NA,NA,NA,NA
513,MS11S2024-006,C2,Sel,NA,,MS10S3016-010/MS10S3019-015,MS10S3016-010,MS10S3019-015,M138,ND25728,FEG175-57,ND26104,NA,NA,NA,NA,NA,NA,NA,NA
514,MS11S2024-008,C2,Sel,NA,,MS10S3016-010/MS10S3019-015,MS10S3016-010,MS10S3019-015,M138,ND25728,FEG175-57,ND26104,NA,NA,NA,NA,NA,NA,NA,NA
515,MS11S2024-013,C2,Sel,NA,x,MS10S3016-010/MS10S3019-015,MS10S3016-010,MS10S3019-015,M138,ND25728,FEG175-57,ND26104,NA,NA,NA,NA,NA,NA,NA,NA
516,MS11S2024-015,C2,Sel,NA,,MS10S3016-010/MS10S3019-015,MS10S3016-010,MS10S3019-015,M138,ND25728,FEG175-57,ND26104,NA,NA,NA,NA,NA,NA,NA,NA
517,MS11S2024-019,C2,Sel,NA,,MS10S3016-010/MS10S3019-015,MS10S3016-010,MS10S3019-015,M138,ND25728,FEG175-57,ND26104,NA,NA,NA,NA,NA,NA,NA,NA
518,MS11S2024-021,C2,Sel,NA,,MS10S3016-010/MS10S3019-015,MS10S3016-010,MS10S3019-015,M138,ND25728,FEG175-57,ND26104,NA,NA,NA,NA,NA,NA,NA,NA
519,MS11S2024-022,C2,Sel,NA,,MS10S3016-010/MS10S3019-015,MS10S3016-010,MS10S3019-015,M138,ND25728,FEG175-57,ND26104,NA,NA,NA,NA,NA,NA,NA,NA
520,MS11S2024-023,C2,Sel,NA,x,MS10S3016-010/MS10S3019-015,MS10S3016-010,MS10S3019-015,M138,ND25728,FEG175-57,ND26104,NA,NA,NA,NA,NA,NA,NA,NA
521,MS11S2024-024,C2,Sel,NA,,MS10S3016-010/MS10S3019-015,MS10S3016-010,MS10S3019-015,M138,ND25728,FEG175-57,ND26104,NA,NA,NA,NA,NA,NA,NA,NA
522,MS11S2025-021,C2,Sel,NA,,MS10S3016-010/MS10S3036-002,MS10S3016-010,MS10S3036-002,M138,ND25728,M122,6B03-4304,NA,NA,NA,NA,NA,NA,NA,NA
562,MS11S2063-020,C2,Sel,NA,,MS10S3037-010/MS10S3014-007,MS10S3037-010,MS10S3014-007,ND20448,ND25160,M122,ND25728,NA,NA,NA,NA,NA,NA,NA,NA
563,MS11S2064-004,C2,Sel,NA,x,MS10S3037-010/MS10S3045-010,MS10S3037-010,MS10S3045-010,ND20448,ND25160,ND26036,ND24906,NA,NA,NA,NA,NA,NA,NA,NA
564,MS11S2064-005,C2,Sel,NA,x,MS10S3037-010/MS10S3045-010,MS10S3037-010,MS10S3045-010,ND20448,ND25160,ND26036,ND24906,NA,NA,NA,NA,NA,NA,NA,NA
565,MS11S2064-006,C2,Sel,NA,,MS10S3037-010/MS10S3045-010,MS10S3037-010,MS10S3045-010,ND20448,ND25160,ND26036,ND24906,NA,NA,NA,NA,NA,NA,NA,NA
566,MS11S2064-008,C2,Sel,NA,,MS10S3037-010/MS10S3045-010,MS10S3037-010,MS10S3045-010,ND20448,ND25160,ND26036,ND24906,NA,NA,NA,NA,NA,NA,NA,NA
567,MS11S2064-009,C2,Sel,NA,x,MS10S3037-010/MS10S3045-010,MS10S3037-010,MS10S3045-010,ND20448,ND25160,ND26036,ND24906,NA,NA,NA,NA,NA,NA,NA,NA
568,MS11S2064-016,C2,Sel,NA,,MS10S3037-010/MS10S3045-010,MS10S3037-010,MS10S3045-010,ND20448,ND25160,ND26036,ND24906,NA,NA,NA,NA,NA,NA,NA,NA
569,MS11S2064-018,C2,Sel,NA,,MS10S3037-010/MS10S3045-010,MS10S3037-010,MS10S3045-010,ND20448,ND25160,ND26036,ND24906,NA,NA,NA,NA,NA,NA,NA,NA
570,MS11S2065-022,C2,Sel,NA,,MS10S3040-004/MS10S3001-019,MS10S3040-004,MS10S3001-019,ND24906,ND25652,M122,FEG154-47,NA,NA,NA,NA,NA,NA,NA,NA
538,MS11S2033-024,C2,Sel,NA,x,MS10S3021-009/MS10S3014-008,MS10S3021-009,MS10S3014-008,ND24906,FEG183-52,M122,ND25728,NA,NA,NA,NA,NA,NA,NA,NA
572,MS11S2070-017,C2,Sel,NA,x,MS10S3048-002/MS10S3055-008,MS10S3048-002,MS10S3055-008,ND24906,6B03-4304,6B04-0290,ND26036,NA,NA,NA,NA,NA,NA,NA,NA
573,MS11S2070-018,C2,Sel,NA,x,MS10S3048-002/MS10S3055-008,MS10S3048-002,MS10S3055-008,ND24906,6B03-4304,6B04-0290,ND26036,NA,NA,NA,NA,NA,NA,NA,NA
539,MS11S2036-019,C2,Sel,NA,x,MS10S3021-012/MS10S3063-013,MS10S3021-012,MS10S3063-013,ND24906,FEG183-52,6B03-4478,6B05-0922,NA,NA,NA,NA,NA,NA,NA,NA
540,MS11S2040-020,C2,Sel,NA,,MS10S3024-005/MS10S3041-010,MS10S3024-005,MS10S3041-010,ND26036,FEG154-47,ND25160,ND24906,NA,NA,NA,NA,NA,NA,NA,NA
574,MS11S2075-014,C2,Sel,NA,,MS10S3050-024/MS10S3049-003,MS10S3050-024,MS10S3049-003,ND26036,6B05-0922,ND25728,CELEBRATION,NA,NA,NA,NA,NA,NA,NA,NA
575,MS11S2075-015,C2,Sel,NA,,MS10S3050-024/MS10S3049-003,MS10S3050-024,MS10S3049-003,ND26036,6B05-0922,ND25728,CELEBRATION,NA,NA,NA,NA,NA,NA,NA,NA
576,MS11S2075-019,C2,Sel,NA,x,MS10S3050-024/MS10S3049-003,MS10S3050-024,MS10S3049-003,ND26036,6B05-0922,ND25728,CELEBRATION,NA,NA,NA,NA,NA,NA,NA,NA
571,MS11S2069-019,C2,Sel,NA,x,MS10S3046-019/MS10S3055-008,MS10S3046-019,MS10S3055-008,ND26104,ND24906,6B04-0290,ND26036,NA,NA,NA,NA,NA,NA,NA,NA
606,MS12_2104-024,C3,Ran,NA,x,MS11S2007-012/MS11S2021-024,MS11S2007-012,MS11S2021-024,MS10S3008-005,MS10S3014-002,MS10S3014-020,MS10S3040-004,FEG154-47,FEG175-57,M122,ND25728,M122,ND25728,ND24906,ND25652
607,MS12_2105-012,C3,Ran,NA,x,MS11S2007-023/MS11S2064-004,MS11S2007-023,MS11S2064-004,MS10S3008-005,MS10S3014-002,MS10S3037-010,MS10S3045-010,FEG154-47,FEG175-57,M122,ND25728,ND20448,ND25160,ND26036,ND24906
605,MS12_2103-018,C3,Ran,NA,x,MS11S2007-012/MS11S2080-010,MS11S2007-012,MS11S2080-010,MS10S3008-005,MS10S3014-002,MS10S3055-006,MS10S3018-006,FEG154-47,FEG175-57,M122,ND25728,6B04-0290,ND26036,FEG175-57,ND25986
608,MS12_2107-004,C3,Ran,NA,x,MS11S2016-001/MS11S2064-005,MS11S2016-001,MS11S2064-005,MS10S3014-007,MS10S3037-010,MS10S3037-010,MS10S3045-010,M122,ND25728,ND20448,ND25160,ND20448,ND25160,ND26036,ND24906
609,MS12_2107-019,C3,Ran,NA,x,MS11S2016-001/MS11S2064-005,MS11S2016-001,MS11S2064-005,MS10S3014-007,MS10S3037-010,MS10S3037-010,MS10S3045-010,M122,ND25728,ND20448,ND25160,ND20448,ND25160,ND26036,ND24906
610,MS12_2107-022,C3,Ran,NA,x,MS11S2016-001/MS11S2064-005,MS11S2016-001,MS11S2064-005,MS10S3014-007,MS10S3037-010,MS10S3037-010,MS10S3045-010,M122,ND25728,ND20448,ND25160,ND20448,ND25160,ND26036,ND24906
611,MS12_2112-003,C3,Ran,NA,x,MS11S2016-021/MS11S2080-015,MS11S2016-021,MS11S2080-015,MS10S3014-007,MS10S3037-010,MS10S3055-006,MS10S3018-006,M122,ND25728,ND20448,ND25160,6B04-0290,ND26036,FEG175-57,ND25986
612,MS12_2113-002,C3,Ran,NA,x,MS11S2020-020/MS11S2058-022,MS11S2020-020,MS11S2058-022,MS10S3014-016,MS10S3041-010,MS10S3034-018,MS10S3029-013,M122,ND25728,ND25160,ND24906,6B03-4478,FEG175-57,FEG183-52,CELEBRATION
613,MS12_2113-017,C3,Ran,NA,x,MS11S2020-020/MS11S2058-022,MS11S2020-020,MS11S2058-022,MS10S3014-016,MS10S3041-010,MS10S3034-018,MS10S3029-013,M122,ND25728,ND25160,ND24906,6B03-4478,FEG175-57,FEG183-52,CELEBRATION
614,MS12_2113-022,C3,Ran,NA,x,MS11S2020-020/MS11S2058-022,MS11S2020-020,MS11S2058-022,MS10S3014-016,MS10S3041-010,MS10S3034-018,MS10S3029-013,M122,ND25728,ND25160,ND24906,6B03-4478,FEG175-57,FEG183-52,CELEBRATION
615,MS12_2115-013,C3,Ran,NA,x,MS11S2021-003/MS11S2053-015,MS11S2021-003,MS11S2053-015,MS10S3014-020,MS10S3040-004,MS10S3032-016,MS10S3004-004,M122,ND25728,ND24906,ND25652,6B03-4304,FEG175-57,M138,FEG175-57
616,MS12_2117-005,C3,Ran,NA,x,MS11S2024-006/MS11S2029-014,MS11S2024-006,MS11S2029-014,MS10S3016-010,MS10S3019-015,MS10S3018-006,MS10S3055-014,M138,ND25728,FEG175-57,ND26104,FEG175-57,ND25986,6B04-0290,ND26036
617,MS12_2123-015,C3,Ran,NA,x,MS11S2026-006/MS11S2075-019,MS11S2026-006,MS11S2075-019,MS10S3018-001,MS10S3021-013,MS10S3050-024,MS10S3049-003,FEG175-57,ND25986,ND24906,FEG183-52,ND26036,6B05-0922,ND25728,CELEBRATION
624,MS12_2131-014,C3,Ran,NA,x,MS11S2029-019/MS11S2014-023,MS11S2029-019,MS11S2014-023,MS10S3018-006,MS10S3055-014,MS10S3013-016,MS10S3018-006,FEG175-57,ND25986,6B04-0290,ND26036,M122,FEG183-52,FEG175-57,ND25986
626,MS12_2134-013,C3,Ran,NA,x,MS11S2029-024/MS11S2028-017,MS11S2029-024,MS11S2028-017,MS10S3018-006,MS10S3055-014,MS10S3018-006,MS10S3015-004,FEG175-57,ND25986,6B04-0290,ND26036,FEG175-57,ND25986,FEG141-20,ND24906
618,MS12_2125-011,C3,Ran,NA,x,MS11S2029-011/MS11S2052-012,MS11S2029-011,MS11S2052-012,MS10S3018-006,MS10S3055-014,MS10S3032-016,MS10S3019-015,FEG175-57,ND25986,6B04-0290,ND26036,6B03-4304,FEG175-57,FEG175-57,ND26104
619,MS12_2125-013,C3,Ran,NA,x,MS11S2029-011/MS11S2052-012,MS11S2029-011,MS11S2052-012,MS10S3018-006,MS10S3055-014,MS10S3032-016,MS10S3019-015,FEG175-57,ND25986,6B04-0290,ND26036,6B03-4304,FEG175-57,FEG175-57,ND26104
625,MS12_2132-009,C3,Ran,NA,x,MS11S2029-019/MS11S2069-019,MS11S2029-019,MS11S2069-019,MS10S3018-006,MS10S3055-014,MS10S3046-019,MS10S3055-008,FEG175-57,ND25986,6B04-0290,ND26036,ND26104,ND24906,6B04-0290,ND26036
620,MS12_2128-004,C3,Ran,NA,x,MS11S2029-014/MS11S2082-001,MS11S2029-014,MS11S2082-001,MS10S3018-006,MS10S3055-014,MS10S3055-010,MS10S3032-010,FEG175-57,ND25986,6B04-0290,ND26036,6B04-0290,ND26036,6B03-4304,FEG175-57
621,MS12_2128-010,C3,Ran,NA,x,MS11S2029-014/MS11S2082-001,MS11S2029-014,MS11S2082-001,MS10S3018-006,MS10S3055-014,MS10S3055-010,MS10S3032-010,FEG175-57,ND25986,6B04-0290,ND26036,6B04-0290,ND26036,6B03-4304,FEG175-57
622,MS12_2128-014,C3,Ran,NA,x,MS11S2029-014/MS11S2082-001,MS11S2029-014,MS11S2082-001,MS10S3018-006,MS10S3055-014,MS10S3055-010,MS10S3032-010,FEG175-57,ND25986,6B04-0290,ND26036,6B04-0290,ND26036,6B03-4304,FEG175-57
623,MS12_2128-017,C3,Ran,NA,x,MS11S2029-014/MS11S2082-001,MS11S2029-014,MS11S2082-001,MS10S3018-006,MS10S3055-014,MS10S3055-010,MS10S3032-010,FEG175-57,ND25986,6B04-0290,ND26036,6B04-0290,ND26036,6B03-4304,FEG175-57
627,MS12_2135-017,C3,Ran,NA,x,MS11S2033-024/MS11S2058-021,MS11S2033-024,MS11S2058-021,MS10S3021-009,MS10S3014-008,MS10S3034-018,MS10S3029-013,ND24906,FEG183-52,M122,ND25728,6B03-4478,FEG175-57,FEG183-52,CELEBRATION
628,MS12_2138-014,C3,Ran,NA,x,MS11S2040-020/MS11S2016-016,MS11S2040-020,MS11S2016-016,MS10S3024-005,MS10S3041-010,MS10S3014-007,MS10S3037-010,ND26036,FEG154-47,ND25160,ND24906,M122,ND25728,ND20448,ND25160
629,MS12_2138-019,C3,Ran,NA,x,MS11S2040-020/MS11S2016-016,MS11S2040-020,MS11S2016-016,MS10S3024-005,MS10S3041-010,MS10S3014-007,MS10S3037-010,ND26036,FEG154-47,ND25160,ND24906,M122,ND25728,ND20448,ND25160
630,MS12_2143-021,C3,Ran,NA,x,MS11S2052-019/MS11S2007-023,MS11S2052-019,MS11S2007-023,MS10S3032-016,MS10S3019-015,MS10S3008-005,MS10S3014-002,6B03-4304,FEG175-57,FEG175-57,ND26104,FEG154-47,FEG175-57,M122,ND25728
631,MS12_2144-008,C3,Ran,NA,x,MS11S2052-024/MS11S2064-009,MS11S2052-024,MS11S2064-009,MS10S3032-016,MS10S3019-015,MS10S3037-010,MS10S3045-010,6B03-4304,FEG175-57,FEG175-57,ND26104,ND20448,ND25160,ND26036,ND24906
632,MS12_2145-003,C3,Ran,NA,x,MS11S2052-024/MS11S2079-018,MS11S2052-024,MS11S2079-018,MS10S3032-016,MS10S3019-015,MS10S3055-006,MS10S3012-012,6B03-4304,FEG175-57,FEG175-57,ND26104,6B04-0290,ND26036,FEG183-52,FEG141-20
633,MS12_2145-021,C3,Ran,NA,x,MS11S2052-024/MS11S2079-018,MS11S2052-024,MS11S2079-018,MS10S3032-016,MS10S3019-015,MS10S3055-006,MS10S3012-012,6B03-4304,FEG175-57,FEG175-57,ND26104,6B04-0290,ND26036,FEG183-52,FEG141-20
634,MS12_2148-004,C3,Ran,NA,x,MS11S2058-004/MS11S2021-008,MS11S2058-004,MS11S2021-008,MS10S3034-018,MS10S3029-013,MS10S3014-020,MS10S3040-004,6B03-4478,FEG175-57,FEG183-52,CELEBRATION,M122,ND25728,ND24906,ND25652
635,MS12_2148-020,C3,Ran,NA,x,MS11S2058-004/MS11S2021-008,MS11S2058-004,MS11S2021-008,MS10S3034-018,MS10S3029-013,MS10S3014-020,MS10S3040-004,6B03-4478,FEG175-57,FEG183-52,CELEBRATION,M122,ND25728,ND24906,ND25652
636,MS12_2150-010,C3,Ran,NA,x,MS11S2058-014/MS11S2024-013,MS11S2058-014,MS11S2024-013,MS10S3034-018,MS10S3029-013,MS10S3016-010,MS10S3019-015,6B03-4478,FEG175-57,FEG183-52,CELEBRATION,M138,ND25728,FEG175-57,ND26104
637,MS12_2151-018,C3,Ran,NA,x,MS11S2058-014/MS11S2080-019,MS11S2058-014,MS11S2080-019,MS10S3034-018,MS10S3029-013,MS10S3055-006,MS10S3018-006,6B03-4478,FEG175-57,FEG183-52,CELEBRATION,6B04-0290,ND26036,FEG175-57,ND25986
638,MS12_2151-019,C3,Ran,NA,x,MS11S2058-014/MS11S2080-019,MS11S2058-014,MS11S2080-019,MS10S3034-018,MS10S3029-013,MS10S3055-006,MS10S3018-006,6B03-4478,FEG175-57,FEG183-52,CELEBRATION,6B04-0290,ND26036,FEG175-57,ND25986
641,MS12_2159-004,C3,Ran,NA,x,MS11S2070-018/MS11S2040-020,MS11S2070-018,MS11S2040-020,MS10S3048-002,MS10S3055-008,MS10S3024-005,MS10S3041-010,ND24906,6B03-4304,6B04-0290,ND26036,ND26036,FEG154-47,ND25160,ND24906
642,MS12_2159-006,C3,Ran,NA,x,MS11S2070-018/MS11S2040-020,MS11S2070-018,MS11S2040-020,MS10S3048-002,MS10S3055-008,MS10S3024-005,MS10S3041-010,ND24906,6B03-4304,6B04-0290,ND26036,ND26036,FEG154-47,ND25160,ND24906
639,MS12_2158-023,C3,Ran,NA,x,MS11S2070-017/MS11S2057-016,MS11S2070-017,MS11S2057-016,MS10S3048-002,MS10S3055-008,MS10S3034-018,MS10S3045-010,ND24906,6B03-4304,6B04-0290,ND26036,6B03-4478,FEG175-57,ND26036,ND24906
640,MS12_2158-024,C3,Ran,NA,x,MS11S2070-017/MS11S2057-016,MS11S2070-017,MS11S2057-016,MS10S3048-002,MS10S3055-008,MS10S3034-018,MS10S3045-010,ND24906,6B03-4304,6B04-0290,ND26036,6B03-4478,FEG175-57,ND26036,ND24906
643,MS12_2162-011,C3,Ran,NA,x,MS11S2076-002/MS11S2025-021,MS11S2076-002,MS11S2025-021,MS10S3053-015,MS10S3019-015,MS10S3016-010,MS10S3036-002,6B03-4478,ND25986,FEG175-57,ND26104,M138,ND25728,M122,6B03-4304
644,MS12_2164-020,C3,Ran,NA,x,MS11S2076-021/MS11S2058-019,MS11S2076-021,MS11S2058-019,MS10S3053-015,MS10S3019-015,MS10S3034-018,MS10S3029-013,6B03-4478,ND25986,FEG175-57,ND26104,6B03-4478,FEG175-57,FEG183-52,CELEBRATION
645,MS12_2167-007,C3,Ran,NA,x,MS11S2077-013/MS11S2090-020,MS11S2077-013,MS11S2090-020,MS10S3053-015,MS10S3040-004,MS10S3063-013,MS10S3014-016,6B03-4478,ND25986,ND24906,ND25652,6B03-4478,6B05-0922,M122,ND25728
650,MS12_2175-013,C3,Ran,NA,x,MS11S2080-010/MS11S2026-020,MS11S2080-010,MS11S2026-020,MS10S3055-006,MS10S3018-006,MS10S3018-001,MS10S3021-013,6B04-0290,ND26036,FEG175-57,ND25986,FEG175-57,ND25986,ND24906,FEG183-52
651,MS12_2178-006,C3,Ran,NA,x,MS11S2080-017/MS11S2030-006,MS11S2080-017,MS11S2030-006,MS10S3055-006,MS10S3018-006,MS10S3018-015,MS10S3049-009,6B04-0290,ND26036,FEG175-57,ND25986,FEG175-57,ND25986,ND25728,CELEBRATION
652,MS12_2178-013,C3,Ran,NA,x,MS11S2080-017/MS11S2030-006,MS11S2080-017,MS11S2030-006,MS10S3055-006,MS10S3018-006,MS10S3018-015,MS10S3049-009,6B04-0290,ND26036,FEG175-57,ND25986,FEG175-57,ND25986,ND25728,CELEBRATION
649,MS12_2171-016,C3,Ran,NA,x,MS11S2080-004/MS11S2063-020,MS11S2080-004,MS11S2063-020,MS10S3055-006,MS10S3018-006,MS10S3037-010,MS10S3014-007,6B04-0290,ND26036,FEG175-57,ND25986,ND20448,ND25160,M122,ND25728
646,MS12_2170-002,C3,Ran,NA,x,MS11S2079-018/MS11S2064-016,MS11S2079-018,MS11S2064-016,MS10S3055-006,MS10S3012-012,MS10S3037-010,MS10S3045-010,6B04-0290,ND26036,FEG183-52,FEG141-20,ND20448,ND25160,ND26036,ND24906
647,MS12_2170-003,C3,Ran,NA,x,MS11S2079-018/MS11S2064-016,MS11S2079-018,MS11S2064-016,MS10S3055-006,MS10S3012-012,MS10S3037-010,MS10S3045-010,6B04-0290,ND26036,FEG183-52,FEG141-20,ND20448,ND25160,ND26036,ND24906
648,MS12_2170-016,C3,Ran,NA,x,MS11S2079-018/MS11S2064-016,MS11S2079-018,MS11S2064-016,MS10S3055-006,MS10S3012-012,MS10S3037-010,MS10S3045-010,6B04-0290,ND26036,FEG183-52,FEG141-20,ND20448,ND25160,ND26036,ND24906
653,MS12_2181-016,C3,Ran,NA,x,MS11S2082-014/MS11S2007-008,MS11S2082-014,MS11S2007-008,MS10S3055-010,MS10S3032-010,MS10S3008-005,MS10S3014-002,6B04-0290,ND26036,6B03-4304,FEG175-57,FEG154-47,FEG175-57,M122,ND25728
655,MS12_2108-012,C3,Sel,NA,x,MS11S2016-014/MS11S2024-019,MS11S2016-014,MS11S2024-019,MS10S3014-007,MS10S3037-010,MS10S3016-010,MS10S3019-015,M122,ND25728,ND20448,ND25160,M138,ND25728,FEG175-57,ND26104
656,MS12_2108-016,C3,Sel,NA,x,MS11S2016-014/MS11S2024-019,MS11S2016-014,MS11S2024-019,MS10S3014-007,MS10S3037-010,MS10S3016-010,MS10S3019-015,M122,ND25728,ND20448,ND25160,M138,ND25728,FEG175-57,ND26104
654,MS12_2107-021,C3,Sel,NA,x,MS11S2016-001/MS11S2064-005,MS11S2016-001,MS11S2064-005,MS10S3014-007,MS10S3037-010,MS10S3037-010,MS10S3045-010,M122,ND25728,ND20448,ND25160,ND20448,ND25160,ND26036,ND24906
659,MS12_2134-016,C3,Sel,NA,x,MS11S2029-024/MS11S2028-017,MS11S2029-024,MS11S2028-017,MS10S3018-006,MS10S3055-014,MS10S3018-006,MS10S3015-004,FEG175-57,ND25986,6B04-0290,ND26036,FEG175-57,ND25986,FEG141-20,ND24906
657,MS12_2126-013,C3,Sel,NA,x,MS11S2029-012/MS11S2076-022,MS11S2029-012,MS11S2076-022,MS10S3018-006,MS10S3055-014,MS10S3053-015,MS10S3019-015,FEG175-57,ND25986,6B04-0290,ND26036,6B03-4478,ND25986,FEG175-57,ND26104
658,MS12_2126-020,C3,Sel,NA,x,MS11S2029-012/MS11S2076-022,MS11S2029-012,MS11S2076-022,MS10S3018-006,MS10S3055-014,MS10S3053-015,MS10S3019-015,FEG175-57,ND25986,6B04-0290,ND26036,6B03-4478,ND25986,FEG175-57,ND26104
667,MS12_2145-016,C3,Sel,NA,x,MS11S2052-024/MS11S2079-018,MS11S2052-024,MS11S2079-018,MS10S3032-016,MS10S3019-015,MS10S3055-006,MS10S3012-012,6B03-4304,FEG175-57,FEG175-57,ND26104,6B04-0290,ND26036,FEG183-52,FEG141-20
660,MS12_2139-001,C3,Sel,NA,x,MS11S2052-008/MS11S2091-015,MS11S2052-008,MS11S2091-015,MS10S3032-016,MS10S3019-015,MS10S3063-013,MS10S3036-002,6B03-4304,FEG175-57,FEG175-57,ND26104,6B03-4478,6B05-0922,M122,6B03-4304
661,MS12_2139-008,C3,Sel,NA,x,MS11S2052-008/MS11S2091-015,MS11S2052-008,MS11S2091-015,MS10S3032-016,MS10S3019-015,MS10S3063-013,MS10S3036-002,6B03-4304,FEG175-57,FEG175-57,ND26104,6B03-4478,6B05-0922,M122,6B03-4304
662,MS12_2139-009,C3,Sel,NA,x,MS11S2052-008/MS11S2091-015,MS11S2052-008,MS11S2091-015,MS10S3032-016,MS10S3019-015,MS10S3063-013,MS10S3036-002,6B03-4304,FEG175-57,FEG175-57,ND26104,6B03-4478,6B05-0922,M122,6B03-4304
663,MS12_2139-013,C3,Sel,NA,x,MS11S2052-008/MS11S2091-015,MS11S2052-008,MS11S2091-015,MS10S3032-016,MS10S3019-015,MS10S3063-013,MS10S3036-002,6B03-4304,FEG175-57,FEG175-57,ND26104,6B03-4478,6B05-0922,M122,6B03-4304
664,MS12_2139-015,C3,Sel,NA,x,MS11S2052-008/MS11S2091-015,MS11S2052-008,MS11S2091-015,MS10S3032-016,MS10S3019-015,MS10S3063-013,MS10S3036-002,6B03-4304,FEG175-57,FEG175-57,ND26104,6B03-4478,6B05-0922,M122,6B03-4304
665,MS12_2139-016,C3,Sel,NA,x,MS11S2052-008/MS11S2091-015,MS11S2052-008,MS11S2091-015,MS10S3032-016,MS10S3019-015,MS10S3063-013,MS10S3036-002,6B03-4304,FEG175-57,FEG175-57,ND26104,6B03-4478,6B05-0922,M122,6B03-4304
666,MS12_2139-022,C3,Sel,NA,x,MS11S2052-008/MS11S2091-015,MS11S2052-008,MS11S2091-015,MS10S3032-016,MS10S3019-015,MS10S3063-013,MS10S3036-002,6B03-4304,FEG175-57,FEG175-57,ND26104,6B03-4478,6B05-0922,M122,6B03-4304
668,MS12_2149-002,C3,Sel,NA,x,MS11S2058-012/MS11S2016-021,MS11S2058-012,MS11S2016-021,MS10S3034-018,MS10S3029-013,MS10S3014-007,MS10S3037-010,6B03-4478,FEG175-57,FEG183-52,CELEBRATION,M122,ND25728,ND20448,ND25160
669,MS12_2149-005,C3,Sel,NA,x,MS11S2058-012/MS11S2016-021,MS11S2058-012,MS11S2016-021,MS10S3034-018,MS10S3029-013,MS10S3014-007,MS10S3037-010,6B03-4478,FEG175-57,FEG183-52,CELEBRATION,M122,ND25728,ND20448,ND25160
670,MS12_2149-006,C3,Sel,NA,x,MS11S2058-012/MS11S2016-021,MS11S2058-012,MS11S2016-021,MS10S3034-018,MS10S3029-013,MS10S3014-007,MS10S3037-010,6B03-4478,FEG175-57,FEG183-52,CELEBRATION,M122,ND25728,ND20448,ND25160
671,MS12_2149-007,C3,Sel,NA,x,MS11S2058-012/MS11S2016-021,MS11S2058-012,MS11S2016-021,MS10S3034-018,MS10S3029-013,MS10S3014-007,MS10S3037-010,6B03-4478,FEG175-57,FEG183-52,CELEBRATION,M122,ND25728,ND20448,ND25160
672,MS12_2149-009,C3,Sel,NA,x,MS11S2058-012/MS11S2016-021,MS11S2058-012,MS11S2016-021,MS10S3034-018,MS10S3029-013,MS10S3014-007,MS10S3037-010,6B03-4478,FEG175-57,FEG183-52,CELEBRATION,M122,ND25728,ND20448,ND25160
673,MS12_2149-011,C3,Sel,NA,x,MS11S2058-012/MS11S2016-021,MS11S2058-012,MS11S2016-021,MS10S3034-018,MS10S3029-013,MS10S3014-007,MS10S3037-010,6B03-4478,FEG175-57,FEG183-52,CELEBRATION,M122,ND25728,ND20448,ND25160
674,MS12_2149-022,C3,Sel,NA,x,MS11S2058-012/MS11S2016-021,MS11S2058-012,MS11S2016-021,MS10S3034-018,MS10S3029-013,MS10S3014-007,MS10S3037-010,6B03-4478,FEG175-57,FEG183-52,CELEBRATION,M122,ND25728,ND20448,ND25160
675,MS12_2151-002,C3,Sel,NA,x,MS11S2058-014/MS11S2080-019,MS11S2058-014,MS11S2080-019,MS10S3034-018,MS10S3029-013,MS10S3055-006,MS10S3018-006,6B03-4478,FEG175-57,FEG183-52,CELEBRATION,6B04-0290,ND26036,FEG175-57,ND25986
676,MS12_2151-004,C3,Sel,NA,x,MS11S2058-014/MS11S2080-019,MS11S2058-014,MS11S2080-019,MS10S3034-018,MS10S3029-013,MS10S3055-006,MS10S3018-006,6B03-4478,FEG175-57,FEG183-52,CELEBRATION,6B04-0290,ND26036,FEG175-57,ND25986
677,MS12_2158-006,C3,Sel,NA,x,MS11S2070-017/MS11S2057-016,MS11S2070-017,MS11S2057-016,MS10S3048-002,MS10S3055-008,MS10S3034-018,MS10S3045-010,ND24906,6B03-4304,6B04-0290,ND26036,6B03-4478,FEG175-57,ND26036,ND24906
678,MS12_2162-002,C3,Sel,NA,x,MS11S2076-002/MS11S2025-021,MS11S2076-002,MS11S2025-021,MS10S3053-015,MS10S3019-015,MS10S3016-010,MS10S3036-002,6B03-4478,ND25986,FEG175-57,ND26104,M138,ND25728,M122,6B03-4304
679,MS12_2162-003,C3,Sel,NA,x,MS11S2076-002/MS11S2025-021,MS11S2076-002,MS11S2025-021,MS10S3053-015,MS10S3019-015,MS10S3016-010,MS10S3036-002,6B03-4478,ND25986,FEG175-57,ND26104,M138,ND25728,M122,6B03-4304
680,MS12_2162-004,C3,Sel,NA,x,MS11S2076-002/MS11S2025-021,MS11S2076-002,MS11S2025-021,MS10S3053-015,MS10S3019-015,MS10S3016-010,MS10S3036-002,6B03-4478,ND25986,FEG175-57,ND26104,M138,ND25728,M122,6B03-4304
681,MS12_2162-010,C3,Sel,NA,x,MS11S2076-002/MS11S2025-021,MS11S2076-002,MS11S2025-021,MS10S3053-015,MS10S3019-015,MS10S3016-010,MS10S3036-002,6B03-4478,ND25986,FEG175-57,ND26104,M138,ND25728,M122,6B03-4304
682,MS12_2162-013,C3,Sel,NA,x,MS11S2076-002/MS11S2025-021,MS11S2076-002,MS11S2025-021,MS10S3053-015,MS10S3019-015,MS10S3016-010,MS10S3036-002,6B03-4478,ND25986,FEG175-57,ND26104,M138,ND25728,M122,6B03-4304
683,MS12_2162-015,C3,Sel,NA,x,MS11S2076-002/MS11S2025-021,MS11S2076-002,MS11S2025-021,MS10S3053-015,MS10S3019-015,MS10S3016-010,MS10S3036-002,6B03-4478,ND25986,FEG175-57,ND26104,M138,ND25728,M122,6B03-4304
684,MS12_2162-016,C3,Sel,NA,x,MS11S2076-002/MS11S2025-021,MS11S2076-002,MS11S2025-021,MS10S3053-015,MS10S3019-015,MS10S3016-010,MS10S3036-002,6B03-4478,ND25986,FEG175-57,ND26104,M138,ND25728,M122,6B03-4304
685,MS12_2162-017,C3,Sel,NA,x,MS11S2076-002/MS11S2025-021,MS11S2076-002,MS11S2025-021,MS10S3053-015,MS10S3019-015,MS10S3016-010,MS10S3036-002,6B03-4478,ND25986,FEG175-57,ND26104,M138,ND25728,M122,6B03-4304
686,MS12_2162-019,C3,Sel,NA,x,MS11S2076-002/MS11S2025-021,MS11S2076-002,MS11S2025-021,MS10S3053-015,MS10S3019-015,MS10S3016-010,MS10S3036-002,6B03-4478,ND25986,FEG175-57,ND26104,M138,ND25728,M122,6B03-4304
687,MS12_2162-021,C3,Sel,NA,x,MS11S2076-002/MS11S2025-021,MS11S2076-002,MS11S2025-021,MS10S3053-015,MS10S3019-015,MS10S3016-010,MS10S3036-002,6B03-4478,ND25986,FEG175-57,ND26104,M138,ND25728,M122,6B03-4304
688,MS12_2162-024,C3,Sel,NA,x,MS11S2076-002/MS11S2025-021,MS11S2076-002,MS11S2025-021,MS10S3053-015,MS10S3019-015,MS10S3016-010,MS10S3036-002,6B03-4478,ND25986,FEG175-57,ND26104,M138,ND25728,M122,6B03-4304
689,MS12_2164-003,C3,Sel,NA,x,MS11S2076-021/MS11S2058-019,MS11S2076-021,MS11S2058-019,MS10S3053-015,MS10S3019-015,MS10S3034-018,MS10S3029-013,6B03-4478,ND25986,FEG175-57,ND26104,6B03-4478,FEG175-57,FEG183-52,CELEBRATION
690,MS12_2164-005,C3,Sel,NA,x,MS11S2076-021/MS11S2058-019,MS11S2076-021,MS11S2058-019,MS10S3053-015,MS10S3019-015,MS10S3034-018,MS10S3029-013,6B03-4478,ND25986,FEG175-57,ND26104,6B03-4478,FEG175-57,FEG183-52,CELEBRATION
691,MS12_2164-019,C3,Sel,NA,x,MS11S2076-021/MS11S2058-019,MS11S2076-021,MS11S2058-019,MS10S3053-015,MS10S3019-015,MS10S3034-018,MS10S3029-013,6B03-4478,ND25986,FEG175-57,ND26104,6B03-4478,FEG175-57,FEG183-52,CELEBRATION
696,MS12_2181-003,C3,Sel,NA,x,MS11S2082-014/MS11S2007-008,MS11S2082-014,MS11S2007-008,MS10S3055-010,MS10S3032-010,MS10S3008-005,MS10S3014-002,6B04-0290,ND26036,6B03-4304,FEG175-57,FEG154-47,FEG175-57,M122,ND25728
697,MS12_2181-008,C3,Sel,NA,x,MS11S2082-014/MS11S2007-008,MS11S2082-014,MS11S2007-008,MS10S3055-010,MS10S3032-010,MS10S3008-005,MS10S3014-002,6B04-0290,ND26036,6B03-4304,FEG175-57,FEG154-47,FEG175-57,M122,ND25728
698,MS12_2181-010,C3,Sel,NA,x,MS11S2082-014/MS11S2007-008,MS11S2082-014,MS11S2007-008,MS10S3055-010,MS10S3032-010,MS10S3008-005,MS10S3014-002,6B04-0290,ND26036,6B03-4304,FEG175-57,FEG154-47,FEG175-57,M122,ND25728
699,MS12_2181-014,C3,Sel,NA,x,MS11S2082-014/MS11S2007-008,MS11S2082-014,MS11S2007-008,MS10S3055-010,MS10S3032-010,MS10S3008-005,MS10S3014-002,6B04-0290,ND26036,6B03-4304,FEG175-57,FEG154-47,FEG175-57,M122,ND25728
694,MS12_2180-005,C3,Sel,NA,x,MS11S2082-014/MS11S2052-009,MS11S2082-014,MS11S2052-009,MS10S3055-010,MS10S3032-010,MS10S3032-016,MS10S3019-015,6B04-0290,ND26036,6B03-4304,FEG175-57,6B03-4304,FEG175-57,FEG175-57,ND26104
695,MS12_2180-011,C3,Sel,NA,x,MS11S2082-014/MS11S2052-009,MS11S2082-014,MS11S2052-009,MS10S3055-010,MS10S3032-010,MS10S3032-016,MS10S3019-015,6B04-0290,ND26036,6B03-4304,FEG175-57,6B03-4304,FEG175-57,FEG175-57,ND26104
692,MS12_2179-010,C3,Sel,NA,x,MS11S2082-001/MS11S2058-021,MS11S2082-001,MS11S2058-021,MS10S3055-010,MS10S3032-010,MS10S3034-018,MS10S3029-013,6B04-0290,ND26036,6B03-4304,FEG175-57,6B03-4478,FEG175-57,FEG183-52,CELEBRATION
693,MS12_2179-018,C3,Sel,NA,x,MS11S2082-001/MS11S2058-021,MS11S2082-001,MS11S2058-021,MS10S3055-010,MS10S3032-010,MS10S3034-018,MS10S3029-013,6B04-0290,ND26036,6B03-4304,FEG175-57,6B03-4478,FEG175-57,FEG183-52,CELEBRATION
701,MS12_2184-010,C3,Sel,NA,x,MS11S2091-015/MS11S2029-011,MS11S2091-015,MS11S2029-011,MS10S3063-013,MS10S3036-002,MS10S3018-006,MS10S3055-014,6B03-4478,6B05-0922,M122,6B03-4304,FEG175-57,ND25986,6B04-0290,ND26036
700,MS12_2182-022,C3,Sel,NA,x,MS11S2090-011/MS11S2053-023,MS11S2090-011,MS11S2053-023,MS10S3063-013,MS10S3014-016,MS10S3032-016,MS10S3004-004,6B03-4478,6B05-0922,M122,ND25728,6B03-4304,FEG175-57,M138,FEG175-57
