Phe,11_10744,11_21048,12_10960,11_21126,11_21038,11_10586,11_10722,12_31377,11_11038,11_10307,12_30178,12_20489,12_30900,12_10122,11_20605,11_11516,11_20422,11_21418,11_20777,11_21397,12_10860,11_20012,11_10639,12_30755,12_31536,11_11513,11_10467,11_10309,11_11004,11_10523,12_30976,11_20206,11_21426,11_11048,11_10688,11_11290,11_10578,12_31375,11_10869,11_10600,12_30494,11_10401,12_10857,12_31308,11_21281,11_10539,12_30751,11_10003,11_20656,11_21069,11_20673,11_11349,11_20889,12_30940,12_30956,11_10025,12_30530,11_20192,12_10218,11_21229,11_10078,11_10454,11_21280
,1H,1H,1H,1H,1H,1H,1H,1H,1H,2H,2H,2H,2H,3H,3H,3H,4H,4H,4H,4H,4H,4H,4H,4H,4H,4H,4H,4H,4H,4H,5H,5H,5H,5H,5H,5H,5H,5H,5H,5H,5H,5H,5H,6H,6H,6H,6H,6H,6H,6H,6H,6H,6H,6H,6H,7H,7H,7H,7H,7H,7H,7H,7H
,23.62,24.03,64.44,78.58,122.34,123.10,126.61,128.04,132.16,30.42,87.25,90.48,99.39,143.33,171.65,174.99,28,28.75,29.76,35.24,37.88,43.72,76.09,77.66,79.47,80.73,82.81,85.07,86.66,88.30,1.91,7.26,21.68,24.76,28.98,83.17,83.80,157.61,165.28,167.40,171.58,187.20,188.70,33.72,47.10,50.33,52.85,56.06,58.48,71.32,78.52,80.06,86.54,88.88,142.20,14.39,20.29,29.70,32.13,128.72,137.31,139.90,141.15
NA,A,A,B,A,A,A,A,B,B,B,B,B,-,A,A,A,B,A,A,A,A,A,H,H,H,H,-,H,H,H,A,H,A,B,B,H,H,A,A,A,-,A,A,B,A,A,A,A,A,B,A,B,B,B,H,B,A,A,A,B,B,B,A
NA,B,B,B,B,B,B,B,A,A,-,A,A,-,B,B,B,A,B,B,B,B,B,B,B,B,B,B,B,B,B,A,A,B,A,A,A,A,A,A,A,-,A,A,B,A,A,A,A,A,A,B,A,A,A,A,A,A,A,A,H,H,H,H
NA,B,B,H,H,B,B,B,A,A,-,H,H,-,A,H,H,H,H,H,H,H,H,H,H,H,H,-,H,H,H,A,A,H,H,H,B,B,B,A,A,-,A,A,H,A,A,A,A,A,A,B,A,A,A,B,A,A,H,H,B,B,B,A
NA,A,A,A,B,H,H,H,H,H,-,H,H,-,B,B,B,A,B,B,B,B,B,B,B,B,B,B,B,B,H,A,A,A,B,B,A,A,B,A,A,-,A,A,B,A,A,A,A,A,A,B,A,A,A,H,A,A,A,A,H,H,H,H
NA,B,B,B,A,B,B,B,A,H,-,B,B,-,H,A,A,H,H,H,H,H,H,B,B,B,B,B,B,B,B,A,A,A,B,B,A,A,A,A,H,-,A,A,B,A,A,A,A,A,A,B,A,A,A,B,B,B,B,B,B,B,B,A
NA,A,A,A,B,B,B,B,A,H,-,H,-,-,A,H,H,B,A,A,H,B,B,B,B,B,B,B,B,B,B,H,H,B,H,H,B,B,A,A,A,-,A,A,B,H,H,H,H,H,H,H,H,H,H,A,H,H,B,B,H,B,B,A
NA,B,B,B,A,B,B,B,A,A,B,B,B,-,B,H,H,B,A,A,A,A,A,A,A,A,A,A,A,A,A,A,A,H,H,H,B,B,A,A,A,-,A,A,A,B,B,B,B,B,B,A,B,B,B,B,B,B,A,A,H,B,B,A
NA,H,H,A,H,B,B,B,A,A,-,B,B,-,H,B,B,B,A,A,H,H,H,H,H,H,H,-,-,A,A,A,A,B,A,A,B,B,B,A,A,-,A,A,H,H,H,H,-,H,H,H,H,H,H,H,A,A,A,A,B,B,B,A
