Phe,11_10744,11_21048,12_10960,11_10326,12_11272,12_30900,11_10208,12_30540,11_10221,11_10639,12_30755,12_31536,11_11513,11_10467,11_10309,11_11004,11_10523,11_21426,12_31375,11_10869,11_10129,11_10539,12_30751,11_10003,11_20656,11_21069,11_20673,11_11349,11_20889,12_30940,11_21229,11_10078
,1H,1H,1H,2H,2H,2H,4H,4H,4H,4H,4H,4H,4H,4H,4H,4H,4H,5H,5H,5H,6H,6H,6H,6H,6H,6H,6H,6H,6H,6H,7H,7H
,23.62,24.03,64.44,4.72,60.89,99.39,2.60,14.88,22.93,76.09,77.66,79.47,80.73,82.81,85.07,86.66,88.30,21.68,157.61,165.28,44.96,50.33,52.85,56.06,58.48,71.32,78.52,80.06,86.54,88.88,128.72,137.31
NA,B,B,B,H,A,-,A,B,A,A,A,A,A,A,A,A,A,H,B,B,A,B,B,B,B,B,A,B,B,B,A,H
NA,B,B,B,H,A,-,B,H,H,H,H,H,H,-,H,H,H,A,B,B,A,B,B,B,H,B,A,B,B,B,H,H
NA,H,H,H,H,A,-,H,B,B,A,A,A,B,B,B,B,B,A,A,H,A,B,B,B,B,B,A,B,B,B,B,H
NA,H,H,A,A,A,-,A,H,H,H,H,H,H,-,H,H,H,H,A,H,A,H,H,H,H,H,H,H,H,H,A,A
NA,A,A,A,A,B,-,H,H,A,A,A,A,B,B,B,B,B,B,A,A,A,A,A,A,A,A,B,A,A,A,A,A
NA,A,A,A,B,A,-,H,H,H,H,H,A,A,A,A,A,H,H,B,B,A,B,B,B,B,B,A,B,B,B,B,B
NA,B,B,H,B,H,-,H,H,H,H,H,H,H,-,H,H,H,H,B,B,A,A,A,A,H,H,H,H,H,H,H,B
NA,A,A,H,A,A,-,B,A,A,B,B,B,B,-,-,B,A,B,B,B,A,B,B,B,B,B,A,B,B,B,B,B
NA,B,B,H,A,H,-,B,H,H,H,H,H,H,H,H,H,H,B,B,A,A,B,B,B,B,B,A,B,B,B,B,B
NA,B,B,B,B,A,-,A,B,H,H,H,H,H,-,H,H,H,A,A,A,A,A,A,A,A,A,B,A,A,A,H,A
NA,B,B,H,B,A,-,B,B,B,B,B,B,B,B,B,B,B,B,B,A,A,A,A,A,A,H,H,H,H,H,A,A
NA,A,A,A,A,A,-,H,A,A,A,A,A,A,A,A,A,A,A,A,H,A,B,B,B,B,B,A,B,B,B,A,A
NA,A,A,A,B,A,-,B,H,B,B,B,B,B,-,-,B,B,B,A,A,A,H,H,H,H,H,H,H,H,H,B,B
