Phe,12_10636,11_21174,12_30951,11_10744,11_21048,12_10960,11_21126,11_21038,12_31224,11_10326,11_21377,12_30155,11_11040,11_10307,12_11272,12_30900,11_20968,12_10122,11_10208,12_30540,11_10221,11_20422,11_21418,11_20777,11_21397,12_10860,11_20012,11_11004,11_10523,11_11213,11_20358,11_20894,11_20226,12_30976,12_30979,11_21202,11_20533,12_31094,11_21426,12_31375,11_20646,12_30566,11_11216,11_10869,12_30494,12_30577,12_31352,12_31292,11_10401,12_10857,11_21246,11_10136,11_10676,12_31308,11_10129,11_20936,11_10539,12_30751,11_20656,11_20996,12_31285,11_21229,11_10078
,1H,1H,1H,1H,1H,1H,1H,1H,2H,2H,2H,2H,2H,2H,2H,2H,3H,3H,4H,4H,4H,4H,4H,4H,4H,4H,4H,4H,4H,4H,4H,5H,5H,5H,5H,5H,5H,5H,5H,5H,5H,5H,5H,5H,5H,5H,5H,5H,5H,5H,6H,6H,6H,6H,6H,6H,6H,6H,6H,6H,7H,7H,7H
,5.41,8.96,11.35,23.62,24.03,64.44,78.58,122.34,4.59,4.72,9.12,10.86,16.14,30.42,60.89,99.39,29.75,143.33,2.60,14.88,22.93,28,28.75,29.76,35.24,37.88,43.72,86.66,88.30,95.22,96.42,1.26,1.91,1.91,4.15,7.84,10.08,11.45,21.68,157.61,157.61,162.68,162.98,165.28,171.58,177.90,181.21,184.99,187.20,188.70,25.88,27.33,32.05,33.72,44.96,46.44,50.33,52.85,58.48,104.50,9.73,128.72,137.31
NA,A,A,H,H,H,A,B,A,B,A,A,A,-,-,B,-,-,A,H,H,H,H,H,H,H,H,H,B,B,B,B,B,A,A,B,A,A,A,A,B,B,B,B,B,B,B,B,B,B,B,B,B,A,A,B,B,B,B,B,-,B,A,A
NA,B,B,A,B,-,-,-,-,-,-,A,A,-,-,A,-,-,-,A,-,-,-,A,-,-,A,-,-,-,H,-,-,-,-,-,-,-,-,A,-,-,H,-,-,B,B,-,-,A,-,B,-,A,-,B,B,B,B,-,-,-,-,H
NA,A,A,A,A,A,B,A,H,B,A,A,H,-,-,B,-,-,A,B,A,A,B,A,A,B,B,B,B,B,B,B,B,A,A,B,B,B,B,B,A,A,A,A,A,B,B,B,B,A,A,B,B,B,B,A,A,A,H,H,-,B,A,A
NA,H,H,A,B,B,H,B,H,H,H,H,-,-,-,H,-,-,A,H,H,H,H,H,H,H,H,H,B,B,B,B,B,A,A,B,A,A,A,B,A,A,A,A,A,B,B,B,B,A,A,-,-,H,H,-,H,H,H,H,-,B,A,-
NA,B,B,B,B,B,B,A,H,A,B,B,-,-,-,B,-,-,B,A,A,A,B,A,A,A,A,A,B,B,B,B,H,H,H,H,H,H,H,B,B,B,H,H,H,B,B,B,B,B,B,-,H,H,H,H,H,H,A,A,-,B,A,A
NA,A,A,A,A,A,A,B,B,A,B,B,B,-,-,A,-,-,A,B,A,A,B,A,A,A,A,A,B,B,B,B,H,H,H,H,H,H,H,H,A,A,A,A,A,B,B,B,B,A,A,B,B,A,A,B,B,B,B,B,-,B,B,B
NA,B,B,B,B,B,B,A,A,B,A,H,B,-,-,B,-,-,H,A,A,H,H,H,H,H,H,H,B,B,B,B,A,B,B,A,H,H,H,B,A,A,A,A,B,B,B,B,B,B,B,H,H,H,H,B,B,B,B,B,-,B,A,A
NA,B,B,B,B,B,B,A,H,B,A,A,A,-,-,B,-,-,B,B,H,H,B,A,A,A,A,A,B,B,B,B,B,A,A,B,H,H,H,-,A,A,A,A,A,B,B,B,B,A,A,H,H,B,B,A,A,A,A,A,-,B,A,A
NA,A,A,H,A,A,A,B,B,B,A,A,A,-,-,A,-,-,H,A,B,B,H,H,H,H,A,A,B,B,B,B,A,B,B,A,B,B,B,B,H,H,H,H,B,B,B,B,B,B,B,B,B,A,A,H,H,H,H,H,-,B,A,A
NA,A,A,A,A,A,H,H,H,H,A,H,B,-,-,A,-,-,H,B,H,A,B,A,A,A,H,H,B,B,B,B,A,B,B,A,B,B,B,B,A,A,A,A,A,B,B,B,B,A,A,B,B,H,H,H,H,H,B,B,-,B,B,B
NA,B,B,B,B,B,H,H,H,H,H,H,-,-,-,B,-,-,A,B,A,A,B,A,A,A,A,A,B,B,B,B,H,H,H,H,H,H,H,H,A,A,A,A,A,B,B,B,B,A,A,B,H,H,H,H,H,H,H,H,-,B,H,H
NA,A,A,A,A,A,H,H,A,H,H,H,H,-,-,H,-,-,A,B,A,A,B,A,A,A,A,A,B,B,B,B,A,B,B,A,B,B,B,B,A,A,A,A,A,B,B,B,H,H,H,H,H,A,A,B,B,B,B,B,-,B,H,H
NA,B,B,B,H,H,A,B,B,A,B,B,B,-,-,A,-,-,B,B,A,A,B,A,A,A,A,A,B,B,B,B,A,B,B,A,H,H,H,H,B,B,B,B,B,B,B,B,B,B,B,A,A,H,H,H,H,H,B,B,-,B,H,H
NA,A,A,A,A,A,H,H,A,B,A,A,A,-,-,A,-,-,A,B,A,A,B,A,A,A,A,A,B,B,B,B,A,B,B,A,B,B,B,B,H,H,H,H,H,B,B,B,H,H,H,B,B,A,A,B,B,B,B,H,-,B,B,B
NA,B,B,B,B,B,B,H,B,B,A,H,A,-,-,A,-,-,H,A,H,A,B,A,A,A,A,A,B,B,B,B,B,A,A,B,A,A,A,H,H,H,H,H,H,B,B,B,H,H,B,A,A,H,B,A,A,A,A,A,-,B,A,A
NA,A,A,A,B,B,A,H,B,A,B,B,H,-,-,H,-,-,H,H,H,H,H,H,H,H,H,H,B,B,B,B,A,B,B,A,B,B,B,B,A,A,A,A,A,B,B,B,B,A,A,H,H,H,H,A,A,A,A,A,-,B,A,A
NA,B,B,B,H,H,A,B,B,B,A,A,A,-,-,B,-,-,H,B,A,A,B,A,A,A,A,A,B,B,B,B,B,A,A,B,A,A,A,H,H,H,H,H,H,B,B,B,H,H,H,B,B,A,A,H,H,B,B,B,-,B,A,A
NA,A,A,A,A,A,A,B,B,B,A,A,A,-,-,H,-,-,B,A,B,B,A,B,B,A,A,A,B,B,B,B,A,B,B,A,B,B,B,B,B,B,B,B,B,B,B,B,B,B,B,A,A,B,B,A,A,A,A,A,-,B,H,H
