Phe,12_31491,12_10636,11_10030,11_20712,11_10186,11_10307,12_31474,12_11272,12_10485,11_20690,12_30178,11_20182,12_31095,11_20252,11_20595,12_10571,11_20742,12_30223,11_21266,11_21272,11_20605,11_11516,12_31536,11_11513,11_11004,11_20119,11_20454,12_30988,11_20974,12_30006,11_10974,11_11048,11_10688,11_20236,11_20449,11_21241,12_30635,11_10239,12_30530,11_20192,12_10979,12_30528,12_10959,11_11098,12_30496,12_11477,11_10534,11_20349,12_30199,11_10303,11_10143,11_21201,11_21448,11_10169,12_10241,12_30368,11_21229,11_10454,11_21280,11_21223
,0,1H,1H,1H,1H,2H,2H,2H,2H,2H,2H,2H,2H,3H,3H,3H,3H,3H,3H,3H,3H,3H,4H,4H,4H,4H,4H,4H,4H,4H,5H,5H,5H,5H,5H,5H,5H,6H,7H,7H,7H,7H,7H,7H,7H,7H,7H,7H,7H,7H,7H,7H,7H,7H,7H,7H,7H,7H,7H,7H
,0,5.41,17.40,20.33,22.04,30.42,58.50,60.89,63.55,78.54,87.25,127.74,133.04,8.91,14.91,18.21,20.52,129.83,156.42,157.77,171.65,174.99,79.47,80.73,86.66,109.65,111.13,111.81,116.68,130.81,21.68,24.76,28.98,68.21,90.07,131.64,135.62,122.14,20.29,29.70,36.92,42.26,52.52,64.98,79.08,81.78,82.41,86.84,88.06,89.78,91.12,98.95,98.95,106.80,112.99,118.52,128.72,139.90,141.15,144.96
NA,A,B,A,A,A,B,B,B,B,B,B,B,B,B,B,B,B,B,H,H,H,H,B,B,B,B,B,B,B,B,B,B,B,A,A,A,A,B,H,B,A,A,A,A,A,A,A,A,B,B,A,A,A,B,B,B,A,A,B,A
NA,B,B,B,B,B,B,B,B,B,B,B,H,H,B,B,B,B,B,H,H,H,H,A,A,A,H,H,H,H,B,H,H,H,A,A,A,A,A,H,B,A,A,A,A,A,A,A,B,A,A,B,B,H,A,B,B,B,B,A,B
NA,A,B,A,A,A,-,A,A,A,A,A,H,H,A,A,A,A,A,B,A,B,B,B,B,B,B,B,B,B,B,A,A,A,H,H,A,A,B,H,B,B,B,B,B,B,B,B,A,B,B,A,A,A,B,H,H,H,A,B,A
NA,A,B,B,B,B,B,A,A,A,A,H,H,H,H,H,H,H,H,H,H,A,A,A,A,B,B,B,B,B,B,B,B,B,B,B,H,H,A,H,B,H,H,H,H,H,H,H,H,H,H,H,A,-,B,A,A,A,A,B,A
NA,H,B,B,B,B,B,B,B,B,B,B,A,A,B,B,B,B,B,H,H,A,A,H,H,B,B,B,B,B,A,A,A,H,A,A,A,A,B,H,B,A,A,A,B,B,B,B,B,A,A,B,B,B,A,B,B,B,H,H,H
NA,A,B,-,H,H,B,A,A,A,A,A,H,H,B,B,B,B,A,H,H,H,H,B,B,B,B,B,B,B,A,A,A,A,H,H,A,A,A,H,B,H,H,H,H,H,H,H,H,H,H,H,H,H,H,H,H,H,A,B,A
NA,A,B,-,H,H,B,B,B,B,B,B,B,B,A,A,A,A,A,B,A,A,A,H,B,B,B,B,B,A,A,B,H,H,A,B,B,B,H,H,B,A,A,A,B,B,B,B,B,A,A,B,B,H,A,H,H,H,H,B,A
NA,B,B,B,B,B,B,A,A,A,A,A,B,B,A,A,A,H,A,B,A,B,B,B,B,B,B,B,B,B,B,A,A,A,H,B,H,H,H,H,B,A,A,A,A,A,A,A,A,B,B,A,A,A,B,A,H,H,B,A,B
NA,H,B,H,H,H,B,H,H,H,H,B,B,B,B,B,B,B,B,A,B,A,A,A,A,A,B,B,B,B,B,H,B,B,H,A,H,H,B,H,B,B,B,B,B,B,B,B,B,A,A,B,A,A,B,A,A,A,H,H,H
NA,B,B,A,A,A,B,B,B,B,B,H,B,B,B,B,B,B,A,A,B,A,A,H,H,H,H,H,H,H,B,B,B,B,A,B,H,H,H,H,B,B,B,B,B,B,B,B,B,A,A,B,B,B,A,B,B,B,B,A,B
