Phe,11_10030,11_20712,11_10186,11_10744,11_20810,11_21217,11_20642,11_10279,11_21126,11_21038,12_31377,12_30277,11_10326,11_21377,12_11272,12_30178,12_30900,11_10214,11_21370,11_10109,11_10065,11_20590,11_10551,12_10181,11_20252,12_30571,11_11391,11_20521,12_30223,11_20944,12_10122,11_10208,12_30540,11_10221,11_20422,11_21397,12_10860,11_20012,11_20114,11_11213,11_20765,11_20358,11_20974,12_31138,12_30006,11_20206,11_11381,11_20533,12_31094,11_10974,11_11048,11_10688,11_21480,11_20449,12_30400,11_20545,12_31375,11_10869,11_10401,12_10857,11_21521,11_10669,11_11479,11_21246,11_10136,12_31308,11_10994,11_10539,12_30751,11_10003,11_20656,11_21069,11_20904,11_10040,12_31235,12_30956,11_10025,12_30530,12_10218,12_30380,11_10078,11_10896
,1H,1H,1H,1H,1H,1H,1H,1H,1H,1H,1H,1H,2H,2H,2H,2H,2H,2H,2H,2H,2H,2H,2H,2H,3H,3H,3H,3H,3H,3H,3H,4H,4H,4H,4H,4H,4H,4H,4H,4H,4H,4H,4H,4H,4H,5H,5H,5H,5H,5H,5H,5H,5H,5H,5H,5H,5H,5H,5H,5H,6H,6H,6H,6H,6H,6H,6H,6H,6H,6H,6H,6H,6H,6H,6H,6H,7H,7H,7H,7H,7H,7H
,17.40,20.33,22.04,23.62,46.50,48.29,62.60,77.57,78.58,122.34,128.04,138.86,4.72,9.12,60.89,87.25,99.39,105.62,143.18,143.71,147.37,154.65,156.77,160.46,8.91,32.92,77.37,86.03,129.83,131.24,143.33,2.60,14.88,22.93,28,35.24,37.88,43.72,44.99,95.22,95.77,96.42,116.68,118.95,130.81,7.26,8.25,10.08,11.45,21.68,24.76,28.98,78.19,90.07,143.94,154.51,157.61,165.28,187.20,188.70,2.24,2.84,15.16,25.88,27.33,33.72,34.66,50.33,52.85,56.06,58.48,71.32,72.17,74.65,103.32,142.20,14.39,20.29,32.13,136.56,137.31,150.44
NA,H,H,H,H,B,B,A,B,A,A,B,A,B,B,B,B,-,H,H,H,H,A,A,A,H,B,A,B,A,A,A,B,A,H,H,H,H,H,H,B,B,B,B,B,A,A,A,A,A,B,B,B,A,B,B,B,H,H,A,A,A,A,B,B,B,A,A,B,B,B,B,B,B,B,B,B,A,-,A,A,A,A
NA,A,A,A,A,H,H,H,A,B,B,A,H,A,A,A,A,A,A,B,B,A,A,A,A,A,H,B,A,H,H,H,B,A,B,A,B,B,B,B,B,B,B,A,A,A,B,B,B,B,A,A,A,B,B,H,B,H,H,A,A,A,A,B,B,B,A,A,B,B,B,B,B,B,B,B,B,A,-,B,H,H,H
NA,B,B,B,B,B,B,A,B,A,B,A,A,A,A,A,A,A,A,B,B,A,A,A,A,A,H,A,B,B,B,B,B,A,A,B,A,A,A,B,A,A,A,H,H,H,B,B,B,B,A,A,A,A,A,A,B,A,A,A,A,H,H,H,B,B,A,A,B,B,B,B,B,B,B,A,H,B,-,B,A,A,A
NA,H,H,H,H,B,B,A,B,A,B,A,A,H,H,A,A,A,A,A,A,H,H,H,A,A,H,B,A,B,B,H,H,H,H,B,B,B,B,B,B,B,B,A,A,A,B,B,B,B,A,A,A,H,H,B,B,B,H,A,A,A,A,B,B,B,A,A,B,B,B,B,B,B,B,H,H,B,-,B,A,A,A
NA,B,B,B,A,A,A,B,H,H,B,A,H,A,A,A,A,A,H,A,A,B,B,B,B,B,B,B,A,A,A,A,A,B,B,A,H,H,H,H,A,A,A,H,H,B,B,B,B,B,A,A,A,B,H,B,B,A,A,H,H,H,H,H,A,A,H,H,H,H,H,H,H,H,H,H,A,A,-,A,A,A,A
NA,B,B,B,B,B,B,A,B,A,B,A,A,A,A,B,B,A,H,H,H,-,A,A,A,A,A,A,B,A,A,A,B,A,B,A,B,B,B,B,B,B,B,H,H,A,H,B,B,B,B,B,B,A,A,A,B,A,H,A,A,A,A,H,A,A,B,B,B,B,B,B,B,B,B,B,H,H,-,A,H,H,A
NA,B,B,B,B,H,H,H,H,H,H,H,H,A,A,A,A,A,B,B,B,A,A,A,A,A,A,A,B,A,A,B,A,B,B,A,H,H,H,H,A,A,A,A,A,A,A,A,A,A,B,B,B,H,B,H,B,H,A,H,B,B,B,H,H,H,H,H,H,H,H,H,H,H,H,H,A,B,-,B,B,B,B
NA,A,A,A,A,A,A,B,A,B,B,A,H,A,A,A,H,A,H,B,B,A,A,B,B,B,B,B,A,A,A,H,B,H,B,A,B,B,B,B,B,B,B,H,H,B,H,H,H,H,H,H,H,A,A,H,B,H,H,H,H,B,B,A,H,H,H,H,B,B,B,B,B,B,B,B,A,A,-,A,A,A,B
NA,A,A,A,A,B,B,A,B,A,A,B,B,B,B,B,A,A,A,H,H,H,H,H,A,H,A,A,B,A,A,A,H,H,B,A,H,H,H,H,A,A,A,H,H,H,B,B,B,B,A,A,A,H,H,B,B,A,A,H,H,A,A,B,B,B,A,A,B,B,B,B,B,B,B,A,A,H,-,H,A,A,A
NA,H,H,H,H,A,A,B,A,B,A,B,B,A,A,B,B,-,B,B,B,A,A,A,A,H,B,B,A,A,A,A,A,B,B,A,H,H,H,H,H,H,B,B,B,B,A,A,A,A,B,B,B,A,A,A,B,A,A,A,A,A,A,B,B,B,A,A,B,B,B,B,B,B,B,A,B,A,-,A,H,H,B
